,Dt_Customer_tmp,age,Year_Birth,Dt_Customer,Year_Birth,holiday
0,9-,64,1957,04-09-2012,1957,0
1,3-,67,1954,08-03-2014,1954,0
2,8-,56,1965,21-08-2013,1965,0
3,2-,37,1984,10-02-2014,1984,0
4,1-,40,1981,19-01-2014,1981,0
5,9-,54,1967,09-09-2013,1967,0
6,1-,50,1971,13-11-2012,1971,0
7,5-,36,1985,08-05-2013,1985,0
8,6-,47,1974,06-06-2013,1974,0
9,3-,71,1950,13-03-2014,1950,0
10,1-,38,1983,15-11-2013,1983,0
11,1-,45,1976,13-11-2012,1976,0
12,1-,62,1959,15-11-2013,1959,0
13,1-,69,1952,15-11-2013,1952,0
14,0-,34,1987,10-10-2012,1987,0
15,1-,75,1946,24-11-2012,1946,0
16,2-,41,1980,24-12-2012,1980,0
17,8-,75,1946,31-08-2012,1946,0
18,3-,72,1949,28-03-2013,1949,0
19,1-,36,1985,03-11-2012,1985,0
20,8-,39,1982,08-08-2012,1982,0
21,1-,42,1979,06-01-2013,1979,0
22,2-,72,1949,23-12-2012,1949,0
23,1-,67,1954,11-01-2014,1954,0
24,3-,70,1951,18-03-2013,1951,0
25,1-,52,1969,02-01-2013,1969,0
26,5-,45,1976,27-05-2013,1976,0
27,2-,35,1986,20-02-2013,1986,0
28,5-,32,1989,31-05-2013,1989,0
29,1-,56,1965,22-11-2013,1965,0
30,5-,32,1989,22-05-2014,1989,0
31,5-,58,1963,11-05-2013,1963,0
32,0-,51,1970,10-10-2012,1970,0
33,0-,69,1952,29-10-2012,1952,0
34,2-,75,1946,20-02-2013,1946,0
35,8-,70,1951,29-08-2013,1951,0
36,2-,51,1970,31-12-2013,1970,0
37,9-,45,1976,02-09-2013,1976,0
38,2-,48,1973,11-02-2014,1973,0
39,2-,78,1943,01-02-2013,1943,0
40,4-,41,1980,29-04-2013,1980,0
41,3-,36,1985,12-03-2013,1985,0
42,2-,64,1957,24-12-2012,1957,0
43,1-,62,1959,05-11-2013,1959,0
44,0-,46,1975,02-10-2013,1975,0
45,6-,45,1976,28-06-2014,1976,0
46,1-,25,1996,09-11-2012,1996,0
47,5-,53,1968,24-05-2013,1968,0
48,1-,70,1951,01-01-2014,1951,0
49,1-,67,1954,08-11-2012,1954,0
50,5-,64,1957,12-05-2014,1957,0
51,8-,57,1964,11-08-2012,1964,0
52,1-,44,1977,02-01-2013,1977,0
53,6-,44,1977,07-06-2014,1977,0
54,6-,43,1978,12-06-2013,1978,0
55,1-,66,1955,19-11-2012,1955,0
56,4-,55,1966,02-04-2013,1966,0
57,4-,33,1988,28-04-2014,1988,0
58,6-,39,1982,17-06-2013,1982,0
59,3-,53,1968,03-03-2014,1968,0
60,7-,39,1982,04-07-2013,1982,0
61,9-,46,1975,07-09-2012,1975,0
62,2-,69,1952,18-02-2013,1952,0
63,6-,70,1951,11-06-2013,1951,0
64,2-,73,1948,06-12-2013,1948,0
65,5-,50,1971,21-05-2013,1971,0
66,5-,54,1967,11-05-2014,1967,0
67,3-,42,1979,19-03-2014,1979,0
68,9-,63,1958,27-09-2013,1958,0
69,4-,51,1970,08-04-2013,1970,0
70,9-,67,1954,11-09-2012,1954,0
71,9-,48,1973,14-09-2012,1973,0
72,3-,62,1959,17-03-2013,1959,0
73,4-,46,1975,05-04-2013,1975,0
74,4-,69,1952,30-04-2014,1952,0
75,2-,44,1977,19-12-2012,1977,0
76,8-,49,1972,27-08-2012,1972,0
77,0-,45,1976,12-10-2012,1976,0
78,9-,45,1976,04-09-2013,1976,0
79,1-,56,1965,02-01-2013,1965,0
80,8-,36,1985,29-08-2012,1985,0
81,6-,52,1969,23-06-2013,1969,0
82,7-,48,1973,03-07-2013,1973,0
83,5-,58,1963,11-05-2013,1963,0
84,2-,34,1987,25-02-2014,1987,0
85,8-,61,1960,11-08-2013,1960,0
86,7-,51,1970,16-07-2013,1970,0
87,5-,64,1957,28-05-2014,1957,0
88,5-,48,1973,12-05-2014,1973,0
89,1-,54,1967,21-01-2014,1967,0
90,1-,64,1957,19-11-2012,1957,0
91,5-,64,1957,27-05-2014,1957,0
92,1-,48,1973,23-11-2013,1973,0
93,3-,49,1972,23-03-2014,1972,0
94,5-,51,1970,24-05-2014,1970,0
95,5-,38,1983,22-05-2014,1983,0
96,1-,61,1960,22-11-2012,1960,0
97,4-,49,1972,11-04-2013,1972,0
98,2-,70,1951,01-12-2013,1951,0
99,6-,38,1983,20-06-2013,1983,0
100,7-,61,1960,23-07-2013,1960,0
101,3-,62,1959,30-03-2014,1959,0
102,4-,42,1979,20-04-2013,1979,0
103,5-,76,1945,17-05-2013,1945,0
104,5-,62,1959,08-05-2014,1959,0
105,2-,42,1979,10-12-2013,1979,0
106,9-,57,1964,24-09-2013,1964,0
107,2-,52,1969,02-02-2013,1969,0
108,2-,43,1978,19-12-2012,1978,0
109,2-,61,1960,07-12-2012,1960,0
110,1-,42,1979,02-11-2013,1979,0
111,1-,30,1991,10-11-2012,1991,0
112,6-,58,1963,25-06-2014,1963,0
113,1-,30,1991,02-01-2013,1991,0
114,2-,41,1980,12-12-2012,1980,0
115,9-,59,1962,10-09-2013,1962,0
116,1-,51,1970,24-01-2014,1970,0
117,2-,43,1978,19-02-2013,1978,0
118,7-,54,1967,11-07-2013,1967,0
119,1-,52,1969,14-11-2013,1969,0
120,6-,68,1953,20-06-2013,1953,0
121,2-,54,1967,24-02-2014,1967,0
122,9-,36,1985,04-09-2013,1985,0
123,4-,45,1976,22-04-2013,1976,0
124,3-,38,1983,12-03-2013,1983,0
125,2-,56,1965,18-02-2013,1965,0
126,4-,37,1984,21-04-2013,1984,0
127,6-,68,1953,08-06-2014,1953,0
128,7-,60,1961,11-07-2013,1961,0
129,5-,65,1956,10-05-2014,1956,0
130,9-,69,1952,30-09-2013,1952,0
131,3-,63,1958,10-03-2013,1958,0
132,2-,52,1969,10-02-2014,1969,0
133,8-,58,1963,11-08-2013,1963,0
134,8-,57,1964,14-08-2013,1964,0
135,3-,54,1967,17-03-2013,1967,0
136,8-,45,1976,08-08-2012,1976,0
137,7-,62,1959,07-07-2013,1959,0
138,5-,48,1973,19-05-2014,1973,0
139,7-,56,1965,28-07-2013,1965,0
140,0-,29,1992,19-10-2012,1992,0
141,1-,45,1976,14-11-2013,1976,0
142,4-,59,1962,19-04-2013,1962,0
143,8-,47,1974,28-08-2013,1974,0
144,3-,33,1988,19-03-2013,1988,0
145,0-,45,1976,18-10-2012,1976,0
146,0-,46,1975,28-10-2012,1975,0
147,8-,40,1981,28-08-2013,1981,0
148,8-,48,1973,22-08-2012,1973,0
149,6-,55,1966,21-06-2014,1966,0
150,4-,68,1953,24-04-2014,1953,0
151,3-,52,1969,07-03-2014,1969,0
152,2-,49,1972,14-12-2012,1972,0
153,5-,33,1988,12-05-2014,1988,0
154,0-,69,1952,09-10-2012,1952,0
155,2-,72,1949,19-02-2013,1949,0
156,7-,63,1958,08-07-2013,1958,0
157,9-,43,1978,12-09-2013,1978,0
158,0-,44,1977,17-10-2013,1977,0
159,8-,66,1955,20-08-2013,1955,0
160,7-,63,1958,01-07-2013,1958,0
161,1-,76,1945,05-11-2012,1945,0
162,1-,37,1984,05-01-2014,1984,0
163,5-,46,1975,01-05-2013,1975,0
164,3-,48,1973,01-03-2014,1973,0
165,1-,55,1966,13-11-2013,1966,0
166,1-,68,1953,18-11-2013,1953,0
167,8-,62,1959,28-08-2013,1959,0
168,1-,33,1988,02-11-2013,1988,0
169,2-,64,1957,25-02-2014,1957,0
170,4-,56,1965,21-04-2014,1965,0
171,7-,39,1982,13-07-2013,1982,0
172,4-,51,1970,21-04-2014,1970,0
173,1-,62,1959,30-01-2014,1959,0
174,4-,54,1967,04-04-2014,1967,0
175,9-,46,1975,12-09-2012,1975,0
176,2-,73,1948,16-12-2012,1948,0
177,5-,51,1970,23-05-2014,1970,0
178,6-,62,1959,24-06-2014,1959,0
179,2-,70,1951,01-12-2013,1951,0
180,5-,45,1976,11-05-2014,1976,0
181,5-,33,1988,10-05-2014,1988,0
182,9-,75,1946,28-09-2013,1946,0
183,1-,37,1984,22-01-2014,1984,0
184,6-,60,1961,15-06-2014,1961,0
185,2-,38,1983,05-12-2012,1983,0
186,3-,51,1970,08-03-2014,1970,0
187,8-,55,1966,02-08-2013,1966,0
188,3-,45,1976,19-03-2013,1976,0
189,2-,57,1964,23-02-2013,1964,0
190,9-,43,1978,09-09-2012,1978,0
191,5-,32,1989,17-05-2013,1989,0
192,9-,121,1900,26-09-2013,1900,0
193,5-,33,1988,30-05-2013,1988,0
194,2-,48,1973,18-02-2013,1973,0
195,2-,44,1977,29-12-2013,1977,0
196,5-,41,1980,13-05-2014,1980,0
197,9-,67,1954,19-09-2013,1954,0
198,1-,67,1954,17-01-2013,1954,0
199,3-,48,1973,31-03-2014,1973,0
200,6-,69,1952,29-06-2014,1952,0
201,2-,53,1968,09-12-2013,1968,0
202,0-,43,1978,14-10-2013,1978,0
203,1-,44,1977,02-11-2012,1977,0
204,7-,56,1965,17-07-2013,1965,0
205,1-,37,1984,10-11-2012,1984,0
206,2-,33,1988,08-12-2013,1988,0
207,5-,58,1963,13-05-2013,1963,0
208,6-,55,1966,08-06-2014,1966,0
209,9-,67,1954,10-09-2012,1954,0
210,3-,65,1956,31-03-2013,1956,0
211,3-,67,1954,18-03-2014,1954,0
212,0-,53,1968,05-10-2012,1968,0
213,1-,47,1974,21-01-2013,1974,0
214,5-,36,1985,04-05-2013,1985,0
215,4-,44,1977,01-04-2014,1977,0
216,5-,43,1978,12-05-2014,1978,0
217,1-,73,1948,15-11-2013,1948,0
218,8-,67,1954,31-08-2013,1954,0
219,1-,41,1980,14-11-2012,1980,0
220,4-,33,1988,11-04-2014,1988,0
221,1-,52,1969,14-11-2013,1969,0
222,4-,51,1970,14-04-2014,1970,0
223,1-,41,1980,05-01-2013,1980,0
224,9-,59,1962,08-09-2012,1962,0
225,3-,43,1978,26-03-2013,1978,0
226,0-,45,1976,25-10-2012,1976,0
227,2-,69,1952,09-12-2012,1952,0
228,8-,49,1972,08-08-2012,1972,0
229,2-,35,1986,16-02-2014,1986,0
230,3-,55,1966,20-03-2013,1966,0
231,1-,59,1962,05-01-2013,1962,0
232,5-,50,1971,15-05-2013,1971,0
233,4-,70,1951,16-04-2014,1951,0
234,3-,56,1965,23-03-2013,1965,0
235,2-,46,1975,09-12-2013,1975,0
236,2-,39,1982,04-12-2013,1982,0
237,0-,63,1958,04-10-2013,1958,0
238,2-,48,1973,26-12-2013,1973,0
239,5-,128,1893,17-05-2014,1893,0
240,0-,53,1968,28-10-2013,1968,0
241,2-,63,1958,23-12-2012,1958,0
242,7-,50,1971,31-07-2013,1971,0
243,1-,31,1990,28-11-2013,1990,0
244,8-,63,1958,17-08-2012,1958,0
245,6-,57,1964,05-06-2014,1964,0
246,5-,49,1972,20-05-2013,1972,0
247,1-,68,1953,09-01-2013,1953,0
248,8-,33,1988,31-08-2012,1988,0
249,0-,52,1969,29-10-2012,1969,0
250,9-,46,1975,16-09-2013,1975,0
251,0-,36,1985,27-10-2013,1985,0
252,4-,47,1974,05-04-2013,1974,0
253,9-,63,1958,22-09-2012,1958,0
254,8-,54,1967,29-08-2012,1967,0
255,0-,47,1974,13-10-2012,1974,0
256,0-,60,1961,16-10-2012,1961,0
257,0-,57,1964,22-10-2012,1964,0
258,6-,57,1964,04-06-2013,1964,0
259,2-,64,1957,08-12-2013,1957,0
260,0-,42,1979,10-10-2012,1979,0
261,5-,53,1968,22-05-2013,1968,0
262,6-,51,1970,17-06-2014,1970,0
263,1-,43,1978,23-11-2012,1978,0
264,2-,69,1952,03-02-2013,1952,0
265,3-,55,1966,14-03-2013,1966,0
266,6-,58,1963,26-06-2014,1963,0
267,0-,51,1970,15-10-2012,1970,0
268,6-,51,1970,19-06-2013,1970,0
269,0-,51,1970,04-10-2013,1970,0
270,9-,68,1953,22-09-2012,1953,0
271,3-,38,1983,20-03-2014,1983,0
272,2-,46,1975,04-02-2014,1975,0
273,4-,61,1960,06-04-2014,1960,0
274,2-,58,1963,06-02-2013,1963,0
275,9-,58,1963,16-09-2013,1963,0
276,1-,65,1956,17-01-2013,1956,0
277,4-,40,1981,30-04-2014,1981,0
278,4-,35,1986,02-04-2013,1986,0
279,4-,53,1968,21-04-2013,1968,0
280,2-,40,1981,11-02-2013,1981,0
281,0-,45,1976,25-10-2012,1976,0
282,8-,75,1946,31-08-2012,1946,0
283,3-,47,1974,01-03-2014,1974,0
284,4-,46,1975,17-04-2014,1975,0
285,7-,47,1974,12-07-2013,1974,0
286,1-,69,1952,29-01-2013,1952,0
287,1-,65,1956,08-01-2013,1956,0
288,5-,55,1966,12-05-2014,1966,0
289,6-,72,1949,13-06-2013,1949,0
290,7-,37,1984,04-07-2013,1984,0
291,2-,52,1969,27-12-2013,1969,0
292,0-,41,1980,31-10-2012,1980,0
293,1-,50,1971,15-01-2014,1971,0
294,3-,56,1965,12-03-2013,1965,0
295,8-,69,1952,23-08-2012,1952,0
296,3-,33,1988,07-03-2013,1988,0
297,1-,35,1986,13-01-2013,1986,0
298,1-,39,1982,12-01-2013,1982,0
299,3-,56,1965,17-03-2014,1965,0
300,4-,63,1958,16-04-2014,1958,0
301,0-,65,1956,12-10-2013,1956,0
302,3-,43,1978,01-03-2014,1978,0
303,4-,33,1988,13-04-2014,1988,0
304,2-,37,1984,27-12-2013,1984,0
305,3-,60,1961,28-03-2013,1961,0
306,9-,55,1966,18-09-2012,1966,0
307,3-,74,1947,05-03-2014,1947,0
308,9-,57,1964,10-09-2013,1964,0
309,4-,29,1992,27-04-2013,1992,0
310,1-,45,1976,18-01-2014,1976,0
311,0-,54,1967,28-10-2013,1967,0
312,6-,32,1989,03-06-2013,1989,0
313,2-,45,1976,06-02-2013,1976,0
314,2-,55,1966,17-12-2013,1966,0
315,3-,65,1956,11-03-2014,1956,0
316,7-,49,1972,29-07-2013,1972,0
317,8-,36,1985,14-08-2012,1985,0
318,7-,70,1951,16-07-2013,1951,0
319,8-,51,1970,23-08-2013,1970,0
320,1-,50,1971,17-01-2013,1971,0
321,7-,47,1974,01-07-2013,1974,0
322,2-,56,1965,09-02-2014,1965,0
323,2-,60,1961,07-02-2013,1961,0
324,1-,68,1953,11-01-2013,1953,0
325,7-,64,1957,05-07-2013,1957,0
326,7-,45,1976,02-07-2013,1976,0
327,1-,37,1984,07-11-2013,1984,0
328,5-,71,1950,09-05-2013,1950,0
329,2-,35,1986,13-02-2013,1986,0
330,4-,38,1983,16-04-2013,1983,0
331,9-,32,1989,11-09-2013,1989,0
332,4-,65,1956,03-04-2013,1956,0
333,1-,50,1971,10-01-2013,1971,0
334,6-,38,1983,30-06-2013,1983,0
335,9-,61,1960,12-09-2012,1960,0
336,2-,53,1968,06-12-2012,1968,0
337,1-,49,1972,12-11-2012,1972,0
338,3-,56,1965,03-03-2013,1965,0
339,9-,122,1899,26-09-2013,1899,0
340,8-,33,1988,10-08-2012,1988,0
341,2-,35,1986,07-12-2013,1986,0
342,1-,52,1969,23-11-2012,1969,0
343,6-,71,1950,13-06-2013,1950,0
344,8-,48,1973,15-08-2013,1973,0
345,1-,69,1952,10-11-2013,1952,0
346,6-,56,1965,23-06-2013,1965,0
347,6-,51,1970,16-06-2014,1970,0
348,2-,50,1971,25-12-2012,1971,0
349,1-,45,1976,03-01-2014,1976,0
350,2-,64,1957,17-12-2013,1957,0
351,1-,35,1986,10-01-2013,1986,0
352,0-,55,1966,28-10-2013,1966,0
353,0-,47,1974,27-10-2012,1974,0
354,2-,45,1976,22-12-2012,1976,0
355,1-,43,1978,29-11-2013,1978,0
356,5-,66,1955,11-05-2013,1955,0
357,2-,52,1969,12-12-2012,1969,0
358,8-,78,1943,20-08-2013,1943,0
359,0-,73,1948,08-10-2013,1948,0
360,9-,64,1957,28-09-2012,1957,0
361,3-,52,1969,22-03-2014,1969,0
362,2-,43,1978,24-02-2014,1978,0
363,1-,43,1978,23-11-2012,1978,0
364,2-,54,1967,28-12-2012,1967,0
365,8-,52,1969,21-08-2012,1969,0
366,5-,61,1960,17-05-2013,1960,0
367,3-,45,1976,16-03-2013,1976,0
368,1-,59,1962,17-11-2012,1962,0
369,2-,46,1975,01-12-2012,1975,0
370,4-,37,1984,22-04-2014,1984,0
371,0-,46,1975,28-10-2012,1975,0
372,8-,51,1970,29-08-2013,1970,0
373,1-,55,1966,11-11-2012,1966,0
374,6-,49,1972,22-06-2013,1972,0
375,8-,46,1975,18-08-2012,1975,0
376,3-,51,1970,18-03-2013,1970,0
377,2-,32,1989,30-12-2012,1989,0
378,0-,60,1961,02-10-2013,1961,0
379,6-,52,1969,14-06-2013,1969,0
380,1-,52,1969,08-01-2013,1969,0
381,1-,36,1985,14-11-2013,1985,0
382,2-,67,1954,12-12-2012,1954,0
383,8-,48,1973,22-08-2012,1973,0
384,3-,40,1981,30-03-2014,1981,0
385,5-,50,1971,15-05-2013,1971,0
386,0-,53,1968,16-10-2013,1968,0
387,0-,61,1960,05-10-2012,1960,0
388,8-,72,1949,30-08-2012,1949,0
389,5-,53,1968,08-05-2013,1968,0
390,1-,42,1979,03-01-2014,1979,0
391,2-,42,1979,09-12-2013,1979,0
392,5-,28,1993,04-05-2014,1993,0
393,4-,75,1946,18-04-2013,1946,0
394,2-,53,1968,25-02-2014,1968,0
395,0-,30,1991,06-10-2013,1991,0
396,9-,50,1971,15-09-2012,1971,0
397,8-,37,1984,31-08-2012,1984,0
398,2-,34,1987,24-12-2012,1987,0
399,1-,41,1980,09-11-2012,1980,0
400,3-,65,1956,23-03-2013,1956,0
401,9-,56,1965,27-09-2012,1965,0
402,8-,47,1974,15-08-2013,1974,0
403,3-,61,1960,11-03-2013,1960,0
404,0-,66,1955,22-10-2013,1955,0
405,6-,56,1965,09-06-2014,1965,0
406,8-,49,1972,30-08-2012,1972,0
407,5-,50,1971,30-05-2014,1971,0
408,6-,47,1974,06-06-2013,1974,0
409,0-,58,1963,17-10-2012,1963,0
410,1-,39,1982,17-11-2012,1982,0
411,1-,45,1976,09-11-2012,1976,0
412,3-,66,1955,30-03-2013,1955,0
413,8-,34,1987,22-08-2012,1987,0
414,1-,59,1962,23-01-2013,1962,0
415,3-,78,1943,31-03-2014,1943,0
416,1-,46,1975,20-11-2013,1975,0
417,2-,27,1994,14-02-2014,1994,0
418,2-,40,1981,22-02-2013,1981,0
419,3-,50,1971,05-03-2013,1971,0
420,5-,48,1973,06-05-2014,1973,0
421,5-,38,1983,22-05-2014,1983,0
422,6-,39,1982,05-06-2014,1982,0
423,6-,47,1974,04-06-2013,1974,0
424,4-,80,1941,13-04-2013,1941,0
425,2-,68,1953,04-12-2013,1953,0
426,4-,35,1986,24-04-2014,1986,0
427,4-,32,1989,05-04-2014,1989,0
428,5-,32,1989,04-05-2014,1989,0
429,4-,53,1968,25-04-2013,1968,0
430,5-,60,1961,09-05-2013,1961,0
431,0-,32,1989,29-10-2012,1989,0
432,1-,54,1967,23-01-2013,1967,0
433,1-,57,1964,25-11-2013,1964,0
434,2-,51,1970,02-02-2014,1970,0
435,6-,65,1956,21-06-2013,1956,0
436,2-,55,1966,21-12-2013,1966,0
437,9-,72,1949,07-09-2013,1949,0
438,8-,50,1971,22-08-2013,1971,0
439,2-,35,1986,07-02-2013,1986,0
440,7-,32,1989,04-07-2013,1989,0
441,2-,73,1948,20-12-2013,1948,0
442,8-,75,1946,06-08-2013,1946,0
443,2-,32,1989,30-12-2012,1989,0
444,3-,47,1974,17-03-2014,1974,0
445,7-,62,1959,13-07-2013,1959,0
446,0-,49,1972,09-10-2013,1972,0
447,2-,57,1964,29-12-2013,1964,0
448,6-,45,1976,09-06-2013,1976,0
449,2-,68,1953,22-12-2013,1953,0
450,5-,66,1955,02-05-2013,1955,0
451,2-,52,1969,16-02-2013,1969,0
452,0-,50,1971,17-10-2013,1971,0
453,2-,41,1980,01-12-2013,1980,0
454,9-,45,1976,07-09-2012,1976,0
455,8-,49,1972,20-08-2012,1972,0
456,9-,55,1966,15-09-2012,1966,0
457,4-,37,1984,01-04-2013,1984,0
458,5-,69,1952,25-05-2014,1952,0
459,9-,39,1982,25-09-2012,1982,0
460,1-,57,1964,01-01-2014,1964,0
461,9-,72,1949,22-09-2013,1949,0
462,1-,63,1958,28-01-2014,1958,0
463,6-,58,1963,26-06-2014,1963,0
464,2-,46,1975,24-02-2014,1975,0
465,3-,52,1969,03-03-2014,1969,0
466,4-,66,1955,23-04-2013,1955,0
467,0-,51,1970,31-10-2012,1970,0
468,3-,70,1951,06-03-2014,1951,0
469,8-,50,1971,15-08-2012,1971,0
470,3-,46,1975,27-03-2013,1975,0
471,0-,41,1980,10-10-2013,1980,0
472,8-,40,1981,04-08-2012,1981,0
473,1-,43,1978,02-01-2013,1978,0
474,5-,33,1988,18-05-2014,1988,0
475,2-,65,1956,18-02-2013,1956,0
476,5-,49,1972,09-05-2014,1972,0
477,5-,44,1977,23-05-2014,1977,0
478,0-,49,1972,23-10-2012,1972,0
479,0-,44,1977,31-10-2012,1977,0
480,2-,48,1973,30-12-2013,1973,0
481,8-,49,1972,11-08-2013,1972,0
482,8-,47,1974,19-08-2012,1974,0
483,0-,46,1975,30-10-2013,1975,0
484,0-,61,1960,10-10-2012,1960,0
485,9-,57,1964,14-09-2012,1964,0
486,1-,45,1976,14-11-2013,1976,0
487,6-,47,1974,26-06-2013,1974,0
488,1-,52,1969,26-01-2014,1969,0
489,0-,69,1952,28-10-2012,1952,0
490,9-,63,1958,24-09-2012,1958,0
491,2-,45,1976,03-12-2012,1976,0
492,2-,66,1955,22-02-2013,1955,0
493,1-,57,1964,12-01-2013,1964,0
494,1-,77,1944,27-11-2013,1944,0
495,4-,59,1962,13-04-2013,1962,0
496,4-,43,1978,05-04-2014,1978,0
497,4-,50,1971,21-04-2013,1971,0
498,5-,72,1949,22-05-2014,1949,0
499,4-,77,1944,03-04-2013,1944,0
500,8-,71,1950,06-08-2012,1950,0
501,1-,60,1961,15-11-2013,1961,0
502,2-,31,1990,29-12-2012,1990,0
503,8-,36,1985,24-08-2012,1985,0
504,6-,65,1956,21-06-2013,1956,0
505,1-,68,1953,07-11-2012,1953,0
506,2-,45,1976,02-12-2013,1976,0
507,7-,32,1989,19-07-2013,1989,0
508,6-,29,1992,21-06-2013,1992,0
509,2-,62,1959,16-12-2012,1959,0
510,5-,40,1981,25-05-2013,1981,0
511,3-,42,1979,28-03-2013,1979,0
512,0-,57,1964,20-10-2013,1964,0
513,3-,62,1959,17-03-2014,1959,0
514,5-,75,1946,11-05-2013,1946,0
515,4-,46,1975,14-04-2013,1975,0
516,2-,60,1961,03-02-2013,1961,0
517,6-,31,1990,30-06-2013,1990,0
518,8-,62,1959,23-08-2013,1959,0
519,3-,77,1944,01-03-2014,1944,0
520,1-,56,1965,27-01-2014,1965,0
521,3-,34,1987,01-03-2014,1987,0
522,8-,30,1991,16-08-2013,1991,0
523,9-,68,1953,30-09-2012,1953,0
524,9-,34,1987,08-09-2012,1987,0
525,2-,35,1986,04-12-2012,1986,0
526,1-,63,1958,27-11-2013,1958,0
527,6-,44,1977,08-06-2014,1977,0
528,8-,57,1964,12-08-2012,1964,0
529,1-,61,1960,03-11-2013,1960,0
530,2-,46,1975,15-02-2013,1975,0
531,9-,52,1969,18-09-2013,1969,0
532,6-,44,1977,18-06-2014,1977,0
533,4-,59,1962,24-04-2013,1962,0
534,6-,39,1982,17-06-2013,1982,0
535,4-,70,1951,11-04-2013,1951,0
536,1-,54,1967,18-01-2014,1967,0
537,2-,54,1967,15-02-2014,1967,0
538,8-,69,1952,08-08-2013,1952,0
539,2-,40,1981,23-12-2013,1981,0
540,1-,44,1977,07-11-2013,1977,0
541,8-,52,1969,06-08-2012,1969,0
542,1-,37,1984,28-11-2012,1984,0
543,8-,39,1982,07-08-2013,1982,0
544,6-,45,1976,04-06-2013,1976,0
545,3-,31,1990,08-03-2014,1990,0
546,1-,57,1964,07-01-2014,1964,0
547,2-,41,1980,03-12-2013,1980,0
548,1-,53,1968,26-01-2014,1968,0
549,3-,48,1973,29-03-2014,1973,0
550,3-,58,1963,31-03-2014,1963,0
551,4-,32,1989,08-04-2014,1989,0
552,2-,50,1971,07-02-2014,1971,0
553,4-,58,1963,18-04-2013,1963,0
554,1-,72,1949,06-11-2013,1949,0
555,9-,69,1952,12-09-2012,1952,0
556,3-,43,1978,01-03-2013,1978,0
557,4-,39,1982,05-04-2013,1982,0
558,8-,51,1970,03-08-2013,1970,0
559,5-,62,1959,22-05-2013,1959,0
560,9-,43,1978,09-09-2013,1978,0
561,6-,41,1980,16-06-2013,1980,0
562,6-,50,1971,25-06-2013,1971,0
563,1-,51,1970,15-01-2014,1970,0
564,1-,58,1963,05-11-2013,1963,0
565,6-,71,1950,07-06-2014,1950,0
566,2-,59,1962,05-12-2012,1962,0
567,9-,70,1951,07-09-2013,1951,0
568,7-,42,1979,05-07-2013,1979,0
569,2-,51,1970,07-12-2012,1970,0
570,9-,47,1974,12-09-2012,1974,0
571,1-,53,1968,27-01-2014,1968,0
572,9-,43,1978,13-09-2013,1978,0
573,8-,51,1970,01-08-2013,1970,0
574,0-,40,1981,02-10-2013,1981,0
575,1-,44,1977,31-01-2013,1977,0
576,4-,53,1968,01-04-2014,1968,0
577,8-,51,1970,23-08-2013,1970,0
578,9-,55,1966,16-09-2013,1966,0
579,7-,65,1956,09-07-2013,1956,0
580,1-,47,1974,10-11-2012,1974,0
581,3-,70,1951,18-03-2013,1951,0
582,0-,54,1967,20-10-2013,1967,0
583,4-,70,1951,15-04-2013,1951,0
584,4-,38,1983,03-04-2014,1983,0
585,4-,50,1971,18-04-2014,1971,0
586,9-,66,1955,23-09-2012,1955,0
587,9-,60,1961,14-09-2013,1961,0
588,5-,66,1955,17-05-2014,1955,0
589,8-,62,1959,20-08-2013,1959,0
590,0-,37,1984,12-10-2012,1984,0
591,2-,46,1975,12-12-2012,1975,0
592,1-,56,1965,10-11-2013,1965,0
593,1-,44,1977,30-01-2014,1977,0
594,9-,49,1972,11-09-2013,1972,0
595,9-,46,1975,19-09-2013,1975,0
596,0-,52,1969,26-10-2012,1969,0
597,0-,52,1969,19-10-2013,1969,0
598,6-,43,1978,04-06-2013,1978,0
599,8-,40,1981,17-08-2012,1981,0
600,2-,60,1961,21-02-2013,1961,0
601,8-,61,1960,31-08-2012,1960,0
602,9-,66,1955,17-09-2013,1955,0
603,2-,73,1948,09-12-2012,1948,0
604,1-,55,1966,26-01-2013,1966,0
605,2-,35,1986,29-12-2012,1986,0
606,2-,48,1973,11-02-2014,1973,0
607,3-,65,1956,11-03-2013,1956,0
608,0-,46,1975,26-10-2012,1975,0
609,5-,56,1965,07-05-2014,1965,0
610,8-,52,1969,19-08-2013,1969,0
611,7-,77,1944,18-07-2013,1944,0
612,2-,48,1973,11-12-2012,1973,0
613,0-,54,1967,28-10-2013,1967,0
614,1-,52,1969,09-11-2012,1969,0
615,7-,47,1974,26-07-2013,1974,0
616,5-,56,1965,06-05-2013,1965,0
617,6-,45,1976,03-06-2013,1976,0
618,3-,43,1978,18-03-2013,1978,0
619,8-,61,1960,17-08-2012,1960,0
620,7-,60,1961,11-07-2013,1961,0
621,7-,50,1971,14-07-2013,1971,0
622,3-,72,1949,10-03-2014,1949,0
623,2-,43,1978,28-12-2013,1978,0
624,6-,66,1955,03-06-2013,1955,0
625,1-,45,1976,20-01-2013,1976,0
626,6-,46,1975,03-06-2013,1975,0
627,9-,61,1960,21-09-2012,1960,0
628,9-,44,1977,06-09-2012,1977,0
629,2-,44,1977,18-12-2012,1977,0
630,1-,51,1970,19-11-2013,1970,0
631,6-,63,1958,13-06-2014,1958,0
632,1-,51,1970,15-01-2014,1970,0
633,2-,61,1960,15-02-2014,1960,0
634,4-,48,1973,18-04-2013,1973,0
635,3-,59,1962,10-03-2014,1962,0
636,6-,69,1952,04-06-2013,1952,0
637,1-,59,1962,08-01-2013,1962,0
638,9-,71,1950,28-09-2012,1950,0
639,1-,50,1971,06-11-2013,1971,0
640,0-,61,1960,05-10-2012,1960,0
641,5-,73,1948,13-05-2014,1948,0
642,2-,62,1959,30-12-2012,1959,0
643,5-,57,1964,07-05-2013,1964,0
644,3-,74,1947,10-03-2013,1947,0
645,8-,50,1971,18-08-2013,1971,0
646,1-,51,1970,21-01-2013,1970,0
647,2-,51,1970,13-12-2013,1970,0
648,5-,44,1977,23-05-2014,1977,0
649,9-,63,1958,16-09-2013,1958,0
650,2-,61,1960,17-02-2014,1960,0
651,8-,36,1985,27-08-2012,1985,0
652,8-,47,1974,12-08-2012,1974,0
653,4-,71,1950,13-04-2014,1950,0
654,8-,66,1955,03-08-2012,1955,0
655,2-,46,1975,07-02-2014,1975,0
656,1-,68,1953,04-01-2014,1953,0
657,9-,63,1958,22-09-2012,1958,0
658,8-,74,1947,31-08-2013,1947,0
659,0-,55,1966,21-10-2013,1966,0
660,2-,58,1963,07-12-2012,1963,0
661,1-,36,1985,14-11-2013,1985,0
662,2-,46,1975,25-12-2013,1975,0
663,9-,41,1980,07-09-2012,1980,0
664,1-,65,1956,01-01-2013,1956,0
665,2-,62,1959,28-12-2012,1959,0
666,5-,47,1974,16-05-2013,1974,0
667,9-,34,1987,25-09-2013,1987,0
668,5-,53,1968,09-05-2013,1968,0
669,1-,50,1971,07-11-2013,1971,0
670,7-,57,1964,29-07-2013,1964,0
671,1-,59,1962,08-11-2013,1962,0
672,9-,51,1970,12-09-2012,1970,0
673,2-,41,1980,16-12-2013,1980,0
674,2-,46,1975,01-12-2012,1975,0
675,5-,47,1974,22-05-2014,1974,0
676,0-,58,1963,30-10-2012,1963,0
677,1-,42,1979,02-01-2014,1979,0
678,6-,36,1985,16-06-2013,1985,0
679,2-,41,1980,23-12-2013,1980,0
680,0-,58,1963,18-10-2013,1963,0
681,8-,54,1967,30-08-2012,1967,0
682,7-,39,1982,25-07-2013,1982,0
683,0-,66,1955,24-10-2013,1955,0
684,2-,54,1967,19-12-2013,1967,0
685,3-,45,1976,07-03-2013,1976,0
686,9-,49,1972,12-09-2012,1972,0
687,8-,39,1982,04-08-2012,1982,0
688,5-,32,1989,16-05-2014,1989,0
689,9-,52,1969,30-09-2013,1969,0
690,0-,61,1960,04-10-2012,1960,0
691,8-,51,1970,25-08-2013,1970,0
692,7-,63,1958,12-07-2013,1958,0
693,1-,69,1952,02-11-2013,1952,0
694,5-,72,1949,29-05-2013,1949,0
695,7-,60,1961,26-07-2013,1961,0
696,3-,26,1995,26-03-2014,1995,0
697,4-,72,1949,08-04-2013,1949,0
698,1-,60,1961,03-11-2013,1961,0
699,4-,61,1960,09-04-2014,1960,0
700,9-,48,1973,17-09-2013,1973,0
701,3-,43,1978,12-03-2014,1978,0
702,2-,43,1978,11-02-2014,1978,0
703,4-,33,1988,29-04-2014,1988,0
704,2-,53,1968,26-12-2013,1968,0
705,1-,35,1986,10-01-2013,1986,0
706,6-,51,1970,27-06-2014,1970,0
707,4-,70,1951,10-04-2013,1951,0
708,1-,73,1948,21-11-2013,1948,0
709,1-,50,1971,10-01-2013,1971,0
710,7-,35,1986,12-07-2013,1986,0
711,0-,56,1965,21-10-2012,1965,0
712,2-,46,1975,20-02-2013,1975,0
713,5-,68,1953,14-05-2013,1953,0
714,8-,39,1982,07-08-2013,1982,0
715,2-,46,1975,07-12-2012,1975,0
716,9-,61,1960,23-09-2012,1960,0
717,2-,43,1978,11-02-2013,1978,0
718,3-,51,1970,31-03-2013,1970,0
719,3-,63,1958,29-03-2014,1958,0
720,2-,56,1965,19-12-2012,1965,0
721,5-,67,1954,02-05-2013,1954,0
722,5-,37,1984,23-05-2014,1984,0
723,2-,56,1965,13-02-2013,1965,0
724,8-,45,1976,01-08-2012,1976,0
725,6-,55,1966,08-06-2014,1966,0
726,1-,66,1955,23-11-2013,1955,0
727,1-,45,1976,25-01-2014,1976,0
728,0-,56,1965,11-10-2013,1965,0
729,4-,30,1991,15-04-2013,1991,0
730,9-,72,1949,27-09-2013,1949,0
731,8-,68,1953,07-08-2012,1953,0
732,6-,43,1978,12-06-2013,1978,0
733,0-,73,1948,16-10-2013,1948,0
734,0-,48,1973,09-10-2013,1973,0
735,4-,72,1949,29-04-2014,1949,0
736,3-,48,1973,29-03-2013,1973,0
737,6-,69,1952,03-06-2014,1952,0
738,3-,32,1989,18-03-2013,1989,0
739,8-,52,1969,09-08-2012,1969,0
740,3-,68,1953,23-03-2013,1953,0
741,3-,65,1956,06-03-2013,1956,0
742,1-,71,1950,01-01-2014,1950,0
743,8-,43,1978,01-08-2013,1978,0
744,1-,57,1964,25-01-2014,1964,0
745,5-,69,1952,12-05-2013,1952,0
746,2-,46,1975,09-12-2013,1975,0
747,3-,26,1995,09-03-2014,1995,0
748,9-,51,1970,15-09-2013,1970,0
749,1-,67,1954,29-01-2014,1954,0
750,2-,49,1972,31-12-2013,1972,0
751,0-,63,1958,03-10-2013,1958,0
752,2-,46,1975,25-12-2013,1975,0
753,2-,52,1969,28-02-2013,1969,0
754,5-,42,1979,02-05-2014,1979,0
755,2-,43,1978,09-02-2013,1978,0
756,8-,49,1972,11-08-2012,1972,0
757,9-,57,1964,19-09-2013,1964,0
758,3-,42,1979,15-03-2013,1979,0
759,4-,62,1959,06-04-2014,1959,0
760,0-,40,1981,03-10-2013,1981,0
761,4-,54,1967,24-04-2014,1967,0
762,0-,33,1988,28-10-2013,1988,0
763,5-,43,1978,10-05-2013,1978,0
764,5-,69,1952,22-05-2014,1952,0
765,4-,66,1955,27-04-2013,1955,0
766,9-,44,1977,11-09-2012,1977,0
767,9-,34,1987,05-09-2012,1987,0
768,9-,56,1965,01-09-2013,1965,0
769,5-,65,1956,26-05-2013,1956,0
770,7-,42,1979,03-07-2013,1979,0
771,2-,70,1951,12-12-2013,1951,0
772,4-,56,1965,24-04-2013,1965,0
773,4-,49,1972,13-04-2013,1972,0
774,2-,64,1957,08-12-2012,1957,0
775,3-,68,1953,06-03-2013,1953,0
776,8-,56,1965,30-08-2013,1965,0
777,1-,63,1958,26-01-2014,1958,0
778,2-,66,1955,18-12-2013,1955,0
779,9-,50,1971,12-09-2013,1971,0
780,4-,47,1974,05-04-2014,1974,0
781,4-,45,1976,14-04-2014,1976,0
782,5-,51,1970,11-05-2014,1970,0
783,3-,49,1972,19-03-2014,1972,0
784,6-,49,1972,18-06-2013,1972,0
785,0-,35,1986,29-10-2012,1986,0
786,2-,61,1960,15-02-2014,1960,0
787,1-,53,1968,02-01-2013,1968,0
788,5-,43,1978,29-05-2014,1978,0
789,9-,45,1976,08-09-2012,1976,0
790,1-,76,1945,15-01-2013,1945,0
791,1-,64,1957,07-11-2012,1957,0
792,7-,71,1950,19-07-2013,1950,0
793,0-,43,1978,29-10-2013,1978,0
794,4-,60,1961,05-04-2013,1961,0
795,1-,59,1962,20-01-2013,1962,0
796,6-,67,1954,28-06-2014,1954,0
797,0-,56,1965,23-10-2012,1965,0
798,3-,48,1973,02-03-2013,1973,0
799,2-,53,1968,14-12-2013,1968,0
800,2-,51,1970,13-12-2013,1970,0
801,3-,65,1956,26-03-2013,1956,0
802,1-,70,1951,19-01-2013,1951,0
803,1-,77,1944,05-11-2013,1944,0
804,4-,63,1958,06-04-2013,1958,0
805,1-,45,1976,04-11-2013,1976,0
806,3-,50,1971,23-03-2014,1971,0
807,0-,64,1957,21-10-2013,1957,0
808,3-,49,1972,22-03-2013,1972,0
809,4-,49,1972,06-04-2013,1972,0
810,0-,40,1981,16-10-2013,1981,0
811,4-,49,1972,20-04-2013,1972,0
812,5-,46,1975,31-05-2014,1975,0
813,2-,66,1955,04-02-2013,1955,0
814,1-,35,1986,23-11-2013,1986,0
815,5-,51,1970,12-05-2014,1970,0
816,3-,45,1976,12-03-2014,1976,0
817,1-,67,1954,24-11-2012,1954,0
818,3-,49,1972,29-03-2014,1972,0
819,9-,43,1978,01-09-2013,1978,0
820,5-,41,1980,05-05-2013,1980,0
821,8-,49,1972,08-08-2013,1972,0
822,6-,60,1961,15-06-2014,1961,0
823,4-,58,1963,18-04-2013,1963,0
824,5-,62,1959,22-05-2013,1959,0
825,4-,62,1959,16-04-2013,1959,0
826,5-,67,1954,07-05-2013,1954,0
827,1-,59,1962,12-01-2013,1962,0
828,5-,63,1958,11-05-2013,1958,0
829,3-,37,1984,01-03-2014,1984,0
830,1-,45,1976,22-11-2013,1976,0
831,9-,29,1992,10-09-2012,1992,0
832,5-,54,1967,05-05-2013,1967,0
833,0-,41,1980,02-10-2013,1980,0
834,2-,54,1967,14-02-2013,1967,0
835,3-,65,1956,29-03-2013,1956,0
836,4-,49,1972,25-04-2013,1972,0
837,9-,41,1980,23-09-2012,1980,0
838,7-,41,1980,02-07-2013,1980,0
839,3-,44,1977,21-03-2014,1977,0
840,8-,71,1950,05-08-2013,1950,0
841,1-,47,1974,29-11-2012,1974,0
842,5-,33,1988,12-05-2014,1988,0
843,1-,40,1981,10-11-2012,1981,0
844,7-,61,1960,27-07-2013,1960,0
845,1-,51,1970,13-01-2014,1970,0
846,9-,30,1991,29-09-2012,1991,0
847,2-,65,1956,24-12-2012,1956,0
848,0-,58,1963,23-10-2013,1963,0
849,5-,41,1980,10-05-2013,1980,0
850,6-,47,1974,13-06-2013,1974,0
851,1-,67,1954,11-01-2014,1954,0
852,1-,64,1957,06-11-2012,1957,0
853,5-,55,1966,26-05-2014,1966,0
854,3-,47,1974,17-03-2014,1974,0
855,4-,42,1979,01-04-2013,1979,0
856,3-,48,1973,04-03-2014,1973,0
857,2-,36,1985,19-02-2013,1985,0
858,0-,55,1966,04-10-2012,1966,0
859,5-,32,1989,05-05-2013,1989,0
860,1-,52,1969,26-01-2014,1969,0
861,2-,52,1969,15-02-2014,1969,0
862,1-,34,1987,09-01-2013,1987,0
863,0-,32,1989,04-10-2012,1989,0
864,2-,46,1975,17-12-2013,1975,0
865,6-,48,1973,11-06-2013,1973,0
866,3-,55,1966,26-03-2013,1966,0
867,9-,35,1986,24-09-2013,1986,0
868,5-,43,1978,06-05-2013,1978,0
869,0-,42,1979,17-10-2012,1979,0
870,9-,38,1983,28-09-2013,1983,0
871,1-,62,1959,06-01-2014,1959,0
872,6-,45,1976,11-06-2014,1976,0
873,4-,40,1981,04-04-2014,1981,0
874,0-,43,1978,06-10-2013,1978,0
875,9-,68,1953,17-09-2013,1953,0
876,6-,50,1971,30-06-2013,1971,0
877,2-,38,1983,14-02-2013,1983,0
878,4-,65,1956,05-04-2014,1956,0
879,1-,43,1978,17-01-2013,1978,0
880,2-,49,1972,10-02-2014,1972,0
881,0-,46,1975,16-10-2012,1975,0
882,7-,46,1975,23-07-2013,1975,0
883,6-,40,1981,19-06-2014,1981,0
884,9-,49,1972,12-09-2012,1972,0
885,7-,51,1970,02-07-2013,1970,0
886,1-,68,1953,26-11-2012,1953,0
887,2-,62,1959,11-12-2013,1959,0
888,4-,59,1962,01-04-2013,1962,0
889,2-,43,1978,16-12-2013,1978,0
890,2-,48,1973,09-02-2013,1973,0
891,9-,56,1965,08-09-2012,1965,0
892,1-,38,1983,14-01-2014,1983,0
893,4-,30,1991,30-04-2014,1991,0
894,2-,78,1943,01-02-2013,1943,0
895,2-,49,1972,12-12-2012,1972,0
896,8-,65,1956,07-08-2013,1956,0
897,1-,63,1958,23-01-2014,1958,0
898,8-,47,1974,11-08-2013,1974,0
899,0-,35,1986,22-10-2013,1986,0
900,2-,63,1958,06-02-2013,1958,0
901,8-,51,1970,16-08-2013,1970,0
902,7-,54,1967,14-07-2013,1967,0
903,2-,48,1973,04-12-2013,1973,0
904,3-,52,1969,24-03-2013,1969,0
905,4-,44,1977,09-04-2014,1977,0
906,1-,60,1961,21-11-2013,1961,0
907,2-,50,1971,02-12-2013,1971,0
908,1-,47,1974,04-01-2014,1974,0
909,3-,35,1986,10-03-2014,1986,0
910,6-,55,1966,29-06-2013,1966,0
911,1-,29,1992,07-11-2013,1992,0
912,1-,58,1963,25-01-2013,1963,0
913,7-,49,1972,14-07-2013,1972,0
914,2-,27,1994,03-12-2012,1994,0
915,5-,67,1954,11-05-2013,1954,0
916,2-,61,1960,26-12-2013,1960,0
917,8-,39,1982,07-08-2013,1982,0
918,1-,67,1954,17-11-2013,1954,0
919,5-,67,1954,18-05-2013,1954,0
920,4-,66,1955,13-04-2014,1955,0
921,4-,28,1993,17-04-2013,1993,0
922,1-,52,1969,24-01-2013,1969,0
923,5-,73,1948,04-05-2014,1948,0
924,5-,35,1986,18-05-2014,1986,0
925,8-,42,1979,31-08-2012,1979,0
926,2-,43,1978,10-02-2014,1978,0
927,2-,39,1982,30-12-2013,1982,0
928,5-,28,1993,04-05-2014,1993,0
929,1-,45,1976,17-11-2013,1976,0
930,4-,47,1974,08-04-2014,1974,0
931,2-,32,1989,10-02-2014,1989,0
932,8-,70,1951,12-08-2012,1951,0
933,2-,32,1989,22-12-2012,1989,0
934,5-,69,1952,22-05-2014,1952,0
935,5-,50,1971,25-05-2014,1971,0
936,0-,50,1971,24-10-2013,1971,0
937,5-,51,1970,22-05-2013,1970,0
938,7-,50,1971,14-07-2013,1971,0
939,8-,46,1975,09-08-2013,1975,0
940,6-,69,1952,10-06-2013,1952,0
941,7-,59,1962,20-07-2013,1962,0
942,5-,38,1983,28-05-2013,1983,0
943,3-,68,1953,04-03-2013,1953,0
944,2-,35,1986,22-12-2012,1986,0
945,0-,34,1987,01-10-2012,1987,0
946,2-,39,1982,16-02-2014,1982,0
947,9-,42,1979,30-09-2013,1979,0
948,2-,44,1977,06-12-2013,1977,0
949,0-,46,1975,01-10-2012,1975,0
950,5-,42,1979,10-05-2014,1979,0
951,5-,45,1976,08-05-2014,1976,0
952,1-,48,1973,29-01-2013,1973,0
953,5-,50,1971,11-05-2013,1971,0
954,5-,45,1976,11-05-2014,1976,0
955,2-,45,1976,10-02-2013,1976,0
956,2-,56,1965,01-12-2012,1965,0
957,8-,69,1952,17-08-2012,1952,0
958,5-,48,1973,07-05-2014,1973,0
959,4-,64,1957,27-04-2013,1957,0
960,9-,54,1967,21-09-2012,1967,0
961,5-,59,1962,07-05-2014,1962,0
962,2-,52,1969,30-12-2012,1969,0
963,0-,46,1975,14-10-2013,1975,0
964,6-,41,1980,25-06-2014,1980,0
965,9-,62,1959,12-09-2013,1959,0
966,8-,48,1973,19-08-2013,1973,0
967,0-,48,1973,12-10-2012,1973,0
968,4-,47,1974,13-04-2013,1974,0
969,0-,41,1980,13-10-2012,1980,0
970,2-,33,1988,02-02-2014,1988,0
971,1-,53,1968,17-01-2013,1968,0
972,1-,33,1988,12-11-2012,1988,0
973,1-,62,1959,17-11-2013,1959,0
974,0-,50,1971,14-10-2012,1971,0
975,2-,59,1962,03-02-2014,1962,0
976,8-,62,1959,01-08-2012,1959,0
977,0-,56,1965,11-10-2013,1965,0
978,1-,69,1952,03-01-2014,1952,0
979,9-,67,1954,12-09-2013,1954,0
980,7-,61,1960,12-07-2013,1960,0
981,6-,56,1965,22-06-2014,1965,0
982,8-,42,1979,07-08-2013,1979,0
983,0-,43,1978,14-10-2013,1978,0
984,8-,71,1950,15-08-2013,1950,0
985,8-,47,1974,21-08-2013,1974,0
986,1-,43,1978,25-11-2013,1978,0
987,0-,52,1969,25-10-2013,1969,0
988,5-,45,1976,12-05-2013,1976,0
989,6-,65,1956,29-06-2014,1956,0
990,3-,67,1954,21-03-2014,1954,0
991,1-,49,1972,29-11-2012,1972,0
992,8-,40,1981,31-08-2012,1981,0
993,2-,32,1989,18-02-2014,1989,0
994,6-,67,1954,22-06-2014,1954,0
995,3-,26,1995,26-03-2014,1995,0
996,1-,43,1978,09-11-2013,1978,0
997,2-,64,1957,25-02-2014,1957,0
998,8-,48,1973,13-08-2013,1973,0
999,1-,65,1956,03-11-2013,1956,0
1000,9-,65,1956,10-09-2012,1956,0
1001,0-,34,1987,09-10-2013,1987,0
1002,3-,40,1981,27-03-2013,1981,0
1003,2-,34,1987,13-02-2013,1987,0
1004,5-,67,1954,17-05-2013,1954,0
1005,2-,67,1954,02-02-2013,1954,0
1006,1-,68,1953,05-11-2012,1953,0
1007,5-,69,1952,12-05-2013,1952,0
1008,1-,53,1968,26-01-2014,1968,0
1009,5-,58,1963,10-05-2013,1963,0
1010,8-,42,1979,25-08-2012,1979,0
1011,1-,45,1976,11-01-2014,1976,0
1012,3-,43,1978,07-03-2013,1978,0
1013,9-,53,1968,10-09-2012,1968,0
1014,4-,50,1971,18-04-2014,1971,0
1015,4-,70,1951,19-04-2014,1951,0
1016,4-,56,1965,07-04-2014,1965,0
1017,5-,52,1969,28-05-2013,1969,0
1018,1-,48,1973,03-01-2013,1973,0
1019,2-,45,1976,20-02-2013,1976,0
1020,6-,48,1973,19-06-2014,1973,0
1021,7-,47,1974,07-07-2013,1974,0
1022,3-,68,1953,04-03-2013,1953,0
1023,6-,55,1966,24-06-2014,1966,0
1024,1-,43,1978,03-11-2012,1978,0
1025,4-,54,1967,08-04-2013,1967,0
1026,8-,43,1978,21-08-2013,1978,0
1027,1-,34,1987,29-01-2013,1987,0
1028,8-,63,1958,01-08-2013,1958,0
1029,1-,57,1964,04-11-2012,1964,0
1030,6-,50,1971,29-06-2013,1971,0
1031,1-,50,1971,17-01-2013,1971,0
1032,6-,52,1969,25-06-2014,1969,0
1033,1-,44,1977,22-01-2013,1977,0
1034,5-,48,1973,12-05-2014,1973,0
1035,8-,41,1980,29-08-2012,1980,0
1036,2-,63,1958,26-02-2014,1958,0
1037,9-,49,1972,18-09-2013,1972,0
1038,3-,50,1971,30-03-2014,1971,0
1039,5-,68,1953,29-05-2013,1953,0
1040,4-,62,1959,23-04-2014,1959,0
1041,1-,67,1954,03-11-2012,1954,0
1042,9-,30,1991,18-09-2012,1991,0
1043,5-,59,1962,23-05-2014,1962,0
1044,7-,35,1986,30-07-2013,1986,0
1045,0-,56,1965,13-10-2012,1965,0
1046,9-,55,1966,25-09-2013,1966,0
1047,0-,61,1960,13-10-2013,1960,0
1048,1-,37,1984,13-11-2012,1984,0
1049,7-,55,1966,05-07-2013,1966,0
1050,4-,56,1965,07-04-2014,1965,0
1051,6-,55,1966,05-06-2014,1966,0
1052,2-,72,1949,16-02-2013,1949,0
1053,2-,51,1970,14-02-2013,1970,0
1054,4-,38,1983,05-04-2013,1983,0
1055,0-,36,1985,05-10-2012,1985,0
1056,8-,47,1974,29-08-2012,1974,0
1057,8-,70,1951,09-08-2013,1951,0
1058,1-,69,1952,27-11-2012,1952,0
1059,3-,34,1987,31-03-2013,1987,0
1060,0-,72,1949,01-10-2012,1949,0
1061,7-,63,1958,25-07-2013,1958,0
1062,1-,34,1987,10-01-2013,1987,0
1063,5-,48,1973,19-05-2014,1973,0
1064,4-,57,1964,11-04-2014,1964,0
1065,9-,60,1961,12-09-2012,1961,0
1066,5-,29,1992,01-05-2014,1992,0
1067,8-,56,1965,03-08-2012,1965,0
1068,8-,65,1956,04-08-2012,1956,0
1069,3-,43,1978,04-03-2014,1978,0
1070,5-,50,1971,25-05-2014,1971,0
1071,2-,55,1966,03-12-2012,1966,0
1072,1-,66,1955,30-11-2012,1955,0
1073,2-,68,1953,24-02-2014,1953,0
1074,7-,63,1958,18-07-2013,1958,0
1075,7-,60,1961,03-07-2013,1961,0
1076,5-,40,1981,01-05-2013,1981,0
1077,8-,45,1976,20-08-2013,1976,0
1078,1-,53,1968,22-01-2014,1968,0
1079,4-,43,1978,22-04-2013,1978,0
1080,3-,56,1965,17-03-2014,1965,0
1081,1-,50,1971,17-11-2012,1971,0
1082,8-,65,1956,22-08-2012,1956,0
1083,8-,39,1982,17-08-2013,1982,0
1084,2-,51,1970,02-02-2013,1970,0
1085,2-,44,1977,04-02-2013,1977,0
1086,0-,51,1970,12-10-2013,1970,0
1087,1-,63,1958,04-01-2013,1958,0
1088,5-,38,1983,03-05-2014,1983,0
1089,3-,63,1958,17-03-2014,1958,0
1090,5-,48,1973,29-05-2014,1973,0
1091,4-,47,1974,26-04-2014,1974,0
1092,8-,62,1959,23-08-2013,1959,0
1093,6-,49,1972,22-06-2013,1972,0
1094,3-,56,1965,12-03-2014,1965,0
1095,8-,42,1979,07-08-2013,1979,0
1096,6-,63,1958,02-06-2014,1958,0
1097,0-,35,1986,31-10-2012,1986,0
1098,4-,39,1982,23-04-2013,1982,0
1099,1-,42,1979,02-01-2013,1979,0
1100,0-,46,1975,08-10-2013,1975,0
1101,5-,42,1979,20-05-2013,1979,0
1102,8-,35,1986,02-08-2013,1986,0
1103,0-,51,1970,26-10-2013,1970,0
1104,3-,49,1972,24-03-2014,1972,0
1105,1-,61,1960,15-11-2013,1960,0
1106,6-,69,1952,19-06-2014,1952,0
1107,8-,51,1970,03-08-2013,1970,0
1108,1-,47,1974,30-01-2014,1974,0
1109,5-,56,1965,31-05-2014,1965,0
1110,2-,67,1954,25-02-2013,1954,0
1111,3-,38,1983,01-03-2013,1983,0
1112,2-,48,1973,09-02-2014,1973,0
1113,2-,61,1960,17-02-2014,1960,0
1114,8-,37,1984,30-08-2013,1984,0
1115,8-,50,1971,28-08-2013,1971,0
1116,0-,38,1983,16-10-2013,1983,0
1117,9-,38,1983,20-09-2013,1983,0
1118,1-,55,1966,16-01-2013,1966,0
1119,9-,43,1978,12-09-2013,1978,0
1120,0-,53,1968,06-10-2013,1968,0
1121,1-,42,1979,22-11-2012,1979,0
1122,5-,48,1973,17-05-2013,1973,0
1123,2-,42,1979,24-12-2013,1979,0
1124,1-,67,1954,18-11-2012,1954,0
1125,2-,59,1962,18-12-2012,1962,0
1126,8-,55,1966,08-08-2012,1966,0
1127,4-,44,1977,24-04-2014,1977,0
1128,1-,36,1985,12-01-2013,1985,0
1129,2-,69,1952,20-12-2013,1952,0
1130,1-,70,1951,15-01-2013,1951,0
1131,0-,54,1967,10-10-2013,1967,0
1132,6-,43,1978,07-06-2014,1978,0
1133,1-,45,1976,12-11-2012,1976,0
1134,0-,36,1985,29-10-2013,1985,0
1135,5-,47,1974,24-05-2014,1974,0
1136,8-,53,1968,05-08-2012,1968,0
1137,5-,59,1962,03-05-2013,1962,0
1138,5-,32,1989,22-05-2014,1989,0
1139,2-,60,1961,02-02-2013,1961,0
1140,6-,68,1953,20-06-2013,1953,0
1141,1-,32,1989,31-01-2013,1989,0
1142,5-,43,1978,11-05-2014,1978,0
1143,8-,59,1962,17-08-2013,1962,0
1144,1-,76,1945,05-11-2013,1945,0
1145,1-,47,1974,21-01-2014,1974,0
1146,1-,40,1981,19-11-2013,1981,0
1147,9-,65,1956,14-09-2012,1956,0
1148,1-,67,1954,12-11-2013,1954,0
1149,0-,35,1986,13-10-2012,1986,0
1150,7-,78,1943,06-07-2013,1943,0
1151,8-,57,1964,29-08-2012,1964,0
1152,8-,42,1979,29-08-2012,1979,0
1153,9-,47,1974,22-09-2012,1974,0
1154,4-,61,1960,03-04-2014,1960,0
1155,5-,58,1963,28-05-2014,1963,0
1156,7-,45,1976,21-07-2013,1976,0
1157,2-,47,1974,05-12-2012,1974,0
1158,5-,60,1961,29-05-2014,1961,0
1159,3-,70,1951,11-03-2013,1951,0
1160,3-,56,1965,23-03-2014,1965,0
1161,9-,65,1956,14-09-2012,1956,0
1162,0-,56,1965,20-10-2012,1965,0
1163,8-,27,1994,22-08-2012,1994,0
1164,0-,47,1974,13-10-2013,1974,0
1165,5-,49,1972,23-05-2013,1972,0
1166,7-,53,1968,05-07-2013,1968,0
1167,8-,53,1968,22-08-2012,1968,0
1168,5-,73,1948,29-05-2013,1948,0
1169,1-,52,1969,22-01-2014,1969,0
1170,2-,25,1996,17-02-2014,1996,0
1171,3-,47,1974,17-03-2014,1974,0
1172,8-,31,1990,26-08-2012,1990,0
1173,1-,64,1957,12-01-2014,1957,0
1174,1-,42,1979,08-01-2013,1979,0
1175,1-,61,1960,13-11-2013,1960,0
1176,1-,69,1952,03-11-2012,1952,0
1177,5-,40,1981,17-05-2013,1981,0
1178,4-,40,1981,13-04-2013,1981,0
1179,2-,30,1991,13-02-2014,1991,0
1180,1-,71,1950,13-01-2013,1950,0
1181,1-,64,1957,05-01-2013,1957,0
1182,1-,60,1961,19-01-2013,1961,0
1183,5-,63,1958,03-05-2013,1958,0
1184,5-,50,1971,08-05-2014,1971,0
1185,8-,36,1985,02-08-2013,1985,0
1186,8-,56,1965,22-08-2013,1965,0
1187,8-,69,1952,25-08-2013,1952,0
1188,2-,59,1962,06-12-2012,1962,0
1189,2-,47,1974,27-02-2014,1974,0
1190,2-,51,1970,22-12-2012,1970,0
1191,1-,52,1969,17-11-2012,1969,0
1192,4-,61,1960,20-04-2014,1960,0
1193,2-,69,1952,17-02-2014,1952,0
1194,4-,52,1969,22-04-2013,1969,0
1195,4-,53,1968,21-04-2013,1968,0
1196,9-,56,1965,01-09-2013,1965,0
1197,3-,52,1969,31-03-2013,1969,0
1198,4-,49,1972,05-04-2014,1972,0
1199,9-,60,1961,09-09-2012,1961,0
1200,9-,44,1977,11-09-2013,1977,0
1201,1-,62,1959,25-01-2013,1959,0
1202,2-,63,1958,31-12-2013,1958,0
1203,0-,42,1979,10-10-2012,1979,0
1204,8-,64,1957,17-08-2013,1957,0
1205,2-,65,1956,20-02-2013,1956,0
1206,1-,56,1965,22-11-2013,1965,0
1207,0-,31,1990,29-10-2013,1990,0
1208,2-,64,1957,16-02-2014,1957,0
1209,5-,56,1965,22-05-2013,1965,0
1210,0-,64,1957,12-10-2013,1957,0
1211,4-,66,1955,15-04-2013,1955,0
1212,0-,49,1972,27-10-2013,1972,0
1213,3-,52,1969,12-03-2013,1969,0
1214,0-,49,1972,31-10-2012,1972,0
1215,6-,46,1975,28-06-2013,1975,0
1216,7-,56,1965,17-07-2013,1965,0
1217,8-,58,1963,08-08-2012,1963,0
1218,0-,30,1991,06-10-2013,1991,0
1219,1-,58,1963,19-01-2013,1963,0
1220,8-,35,1986,22-08-2012,1986,0
1221,9-,48,1973,22-09-2013,1973,0
1222,1-,64,1957,26-01-2013,1957,0
1223,7-,40,1981,30-07-2013,1981,0
1224,9-,63,1958,22-09-2013,1958,0
1225,4-,62,1959,28-04-2013,1959,0
1226,0-,66,1955,12-10-2013,1955,0
1227,0-,35,1986,22-10-2012,1986,0
1228,8-,46,1975,15-08-2013,1975,0
1229,3-,66,1955,30-03-2014,1955,0
1230,2-,50,1971,15-02-2013,1971,0
1231,6-,35,1986,29-06-2013,1986,0
1232,2-,43,1978,09-02-2014,1978,0
1233,3-,38,1983,21-03-2013,1983,0
1234,5-,45,1976,02-05-2014,1976,0
1235,5-,50,1971,26-05-2014,1971,0
1236,4-,65,1956,17-04-2014,1956,0
1237,0-,49,1972,04-10-2013,1972,0
1238,7-,32,1989,04-07-2013,1989,0
1239,1-,69,1952,29-11-2013,1952,0
1240,1-,37,1984,18-01-2014,1984,0
1241,0-,54,1967,03-10-2013,1967,0
1242,5-,59,1962,24-05-2014,1962,0
1243,4-,74,1947,20-04-2014,1947,0
1244,8-,43,1978,04-08-2012,1978,0
1245,5-,50,1971,18-05-2014,1971,0
1246,2-,29,1992,03-12-2012,1992,0
1247,4-,53,1968,05-04-2013,1968,0
1248,3-,48,1973,24-03-2014,1973,0
1249,5-,46,1975,24-05-2014,1975,0
1250,8-,56,1965,27-08-2013,1965,0
1251,7-,69,1952,16-07-2013,1952,0
1252,2-,54,1967,22-02-2013,1967,0
1253,9-,49,1972,12-09-2013,1972,0
1254,0-,58,1963,18-10-2013,1963,0
1255,7-,51,1970,30-07-2012,1970,0
1256,8-,66,1955,03-08-2012,1955,0
1257,5-,46,1975,12-05-2014,1975,0
1258,3-,45,1976,19-03-2014,1976,0
1259,8-,52,1969,16-08-2013,1969,0
1260,5-,48,1973,19-05-2014,1973,0
1261,5-,38,1983,22-05-2013,1983,0
1262,2-,39,1982,05-12-2013,1982,0
1263,7-,61,1960,06-07-2013,1960,0
1264,3-,69,1952,06-03-2014,1952,0
1265,0-,46,1975,08-10-2013,1975,0
1266,9-,58,1963,24-09-2012,1963,0
1267,2-,51,1970,08-02-2013,1970,0
1268,8-,73,1948,20-08-2013,1948,0
1269,6-,63,1958,21-06-2014,1958,0
1270,4-,77,1944,07-04-2014,1944,0
1271,1-,58,1963,22-01-2013,1963,0
1272,8-,49,1972,26-08-2012,1972,0
1273,3-,55,1966,19-03-2013,1966,0
1274,1-,53,1968,21-11-2012,1968,0
1275,2-,50,1971,26-02-2013,1971,0
1276,2-,46,1975,16-12-2013,1975,0
1277,1-,57,1964,01-01-2013,1964,0
1278,9-,43,1978,21-09-2012,1978,0
1279,1-,46,1975,29-11-2013,1975,0
1280,8-,38,1983,09-08-2012,1983,0
1281,8-,50,1971,18-08-2012,1971,0
1282,9-,64,1957,20-09-2012,1957,0
1283,7-,70,1951,21-07-2013,1951,0
1284,1-,70,1951,05-11-2012,1951,0
1285,3-,51,1970,14-03-2013,1970,0
1286,1-,49,1972,23-11-2012,1972,0
1287,6-,52,1969,08-06-2013,1969,0
1288,2-,49,1972,10-02-2013,1972,0
1289,2-,50,1971,30-12-2012,1971,0
1290,9-,65,1956,05-09-2013,1956,0
1291,7-,50,1971,31-07-2013,1971,0
1292,3-,48,1973,18-03-2014,1973,0
1293,2-,44,1977,07-12-2013,1977,0
1294,4-,58,1963,12-04-2014,1963,0
1295,3-,67,1954,29-03-2014,1954,0
1296,0-,43,1978,25-10-2013,1978,0
1297,6-,55,1966,24-06-2013,1966,0
1298,2-,75,1946,19-02-2014,1946,0
1299,2-,43,1978,27-12-2012,1978,0
1300,6-,50,1971,04-06-2013,1971,0
1301,3-,68,1953,04-03-2013,1953,0
1302,2-,36,1985,18-02-2014,1985,0
1303,2-,51,1970,25-02-2013,1970,0
1304,1-,42,1979,01-11-2012,1979,0
1305,6-,55,1966,28-06-2013,1966,0
1306,4-,45,1976,03-04-2013,1976,0
1307,5-,56,1965,23-05-2014,1965,0
1308,1-,39,1982,14-01-2014,1982,0
1309,7-,49,1972,22-07-2013,1972,0
1310,1-,61,1960,31-01-2014,1960,0
1311,1-,65,1956,23-11-2012,1956,0
1312,8-,56,1965,26-08-2013,1965,0
1313,1-,66,1955,06-11-2013,1955,0
1314,1-,32,1989,11-01-2014,1989,0
1315,4-,59,1962,20-04-2013,1962,0
1316,0-,56,1965,01-10-2013,1965,0
1317,6-,48,1973,10-06-2014,1973,0
1318,7-,49,1972,29-07-2013,1972,0
1319,2-,37,1984,01-02-2014,1984,0
1320,4-,61,1960,22-04-2013,1960,0
1321,6-,63,1958,06-06-2013,1958,0
1322,1-,53,1968,07-01-2014,1968,0
1323,9-,44,1977,03-09-2012,1977,0
1324,3-,47,1974,29-03-2014,1974,0
1325,2-,59,1962,14-02-2013,1962,0
1326,4-,39,1982,18-04-2014,1982,0
1327,9-,46,1975,25-09-2013,1975,0
1328,2-,39,1982,12-12-2013,1982,0
1329,1-,76,1945,17-11-2013,1945,0
1330,3-,42,1979,07-03-2014,1979,0
1331,2-,52,1969,12-12-2012,1969,0
1332,9-,59,1962,18-09-2013,1962,0
1333,7-,73,1948,29-07-2013,1948,0
1334,8-,43,1978,18-08-2012,1978,0
1335,9-,46,1975,17-09-2013,1975,0
1336,5-,39,1982,08-05-2013,1982,0
1337,4-,38,1983,20-04-2014,1983,0
1338,0-,69,1952,16-10-2013,1952,0
1339,8-,39,1982,08-08-2012,1982,0
1340,5-,59,1962,29-05-2014,1962,0
1341,1-,44,1977,21-11-2012,1977,0
1342,0-,72,1949,01-10-2012,1949,0
1343,2-,31,1990,16-02-2013,1990,0
1344,3-,39,1982,20-03-2013,1982,0
1345,2-,46,1975,20-02-2013,1975,0
1346,2-,62,1959,10-02-2013,1959,0
1347,6-,38,1983,20-06-2013,1983,0
1348,8-,45,1976,31-08-2013,1976,0
1349,5-,59,1962,03-05-2013,1962,0
1350,3-,65,1956,30-03-2013,1956,0
1351,0-,28,1993,21-10-2013,1993,0
1352,1-,34,1987,08-11-2012,1987,0
1353,1-,56,1965,27-01-2014,1965,0
1354,1-,39,1982,09-11-2012,1982,0
1355,3-,59,1962,17-03-2013,1962,0
1356,4-,43,1978,22-04-2013,1978,0
1357,4-,75,1946,28-04-2014,1946,0
1358,2-,58,1963,29-12-2013,1963,0
1359,0-,50,1971,04-10-2013,1971,0
1360,9-,53,1968,26-09-2012,1968,0
1361,1-,29,1992,23-11-2013,1992,0
1362,5-,47,1974,30-05-2013,1974,0
1363,7-,71,1950,31-07-2012,1950,0
1364,7-,44,1977,25-07-2013,1977,0
1365,9-,63,1958,04-09-2012,1958,0
1366,1-,45,1976,07-11-2013,1976,0
1367,1-,48,1973,25-11-2013,1973,0
1368,2-,53,1968,26-12-2013,1968,0
1369,5-,63,1958,13-05-2014,1958,0
1370,4-,46,1975,29-04-2014,1975,0
1371,2-,61,1960,25-12-2013,1960,0
1372,5-,56,1965,06-05-2013,1965,0
1373,0-,61,1960,04-10-2012,1960,0
1374,3-,52,1969,03-03-2013,1969,0
1375,2-,61,1960,02-12-2012,1960,0
1376,2-,46,1975,30-12-2013,1975,0
1377,8-,36,1985,20-08-2013,1985,0
1378,6-,50,1971,25-06-2013,1971,0
1379,4-,51,1970,01-04-2013,1970,0
1380,5-,66,1955,05-05-2014,1955,0
1381,7-,65,1956,03-07-2013,1956,0
1382,9-,63,1958,03-09-2012,1958,0
1383,1-,57,1964,12-01-2014,1964,0
1384,0-,48,1973,06-10-2012,1973,0
1385,1-,73,1948,15-01-2014,1948,0
1386,3-,49,1972,02-03-2014,1972,0
1387,8-,45,1976,20-08-2013,1976,0
1388,2-,41,1980,16-12-2012,1980,0
1389,5-,42,1979,02-05-2014,1979,0
1390,0-,49,1972,11-10-2013,1972,0
1391,0-,48,1973,03-10-2013,1973,0
1392,3-,49,1972,02-03-2014,1972,0
1393,1-,46,1975,09-11-2012,1975,0
1394,5-,49,1972,15-05-2014,1972,0
1395,7-,65,1956,30-07-2013,1956,0
1396,5-,47,1974,22-05-2014,1974,0
1397,2-,49,1972,07-02-2014,1972,0
1398,4-,53,1968,21-04-2013,1968,0
1399,2-,52,1969,10-12-2012,1969,0
1400,8-,60,1961,25-08-2012,1961,0
1401,3-,49,1972,29-03-2014,1972,0
1402,4-,68,1953,21-04-2014,1953,0
1403,8-,64,1957,13-08-2012,1957,0
1404,0-,51,1970,12-10-2012,1970,0
1405,8-,54,1967,07-08-2012,1967,0
1406,4-,70,1951,11-04-2013,1951,0
1407,2-,68,1953,17-12-2013,1953,0
1408,9-,71,1950,08-09-2012,1950,0
1409,9-,68,1953,06-09-2012,1953,0
1410,9-,44,1977,28-09-2012,1977,0
1411,5-,49,1972,20-05-2013,1972,0
1412,2-,52,1969,18-02-2014,1969,0
1413,1-,77,1944,22-01-2014,1944,0
1414,2-,31,1990,13-02-2013,1990,0
1415,6-,42,1979,10-06-2013,1979,0
1416,1-,55,1966,16-01-2013,1966,0
1417,2-,73,1948,23-02-2014,1948,0
1418,3-,49,1972,16-03-2014,1972,0
1419,1-,48,1973,28-01-2014,1973,0
1420,4-,49,1972,11-04-2014,1972,0
1421,0-,49,1972,13-10-2013,1972,0
1422,1-,55,1966,11-11-2012,1966,0
1423,2-,52,1969,16-02-2014,1969,0
1424,2-,62,1959,28-12-2012,1959,0
1425,5-,51,1970,04-05-2013,1970,0
1426,4-,47,1974,13-04-2013,1974,0
1427,9-,49,1972,16-09-2013,1972,0
1428,3-,63,1958,30-03-2014,1958,0
1429,3-,49,1972,04-03-2013,1972,0
1430,4-,38,1983,05-04-2013,1983,0
1431,2-,48,1973,13-02-2014,1973,0
1432,2-,36,1985,19-12-2013,1985,0
1433,2-,48,1973,23-12-2013,1973,0
1434,0-,54,1967,30-10-2013,1967,0
1435,5-,42,1979,04-05-2013,1979,0
1436,8-,60,1961,25-08-2012,1961,0
1437,1-,35,1986,25-01-2013,1986,0
1438,4-,57,1964,23-04-2014,1964,0
1439,2-,38,1983,14-02-2013,1983,0
1440,7-,69,1952,18-07-2013,1952,0
1441,9-,72,1949,21-09-2013,1949,0
1442,9-,42,1979,03-09-2012,1979,0
1443,0-,73,1948,24-10-2012,1948,0
1444,9-,75,1946,27-09-2013,1946,0
1445,0-,63,1958,15-10-2013,1958,0
1446,2-,50,1971,16-12-2012,1971,0
1447,2-,64,1957,01-12-2012,1957,0
1448,0-,39,1982,25-10-2013,1982,0
1449,3-,48,1973,23-03-2014,1973,0
1450,2-,49,1972,17-02-2013,1972,0
1451,6-,56,1965,09-06-2014,1965,0
1452,1-,68,1953,13-11-2013,1953,0
1453,9-,54,1967,30-09-2013,1967,0
1454,8-,56,1965,28-08-2012,1965,0
1455,6-,52,1969,25-06-2014,1969,0
1456,0-,50,1971,13-10-2012,1971,0
1457,1-,49,1972,12-01-2013,1972,0
1458,2-,51,1970,12-02-2014,1970,0
1459,9-,47,1974,14-09-2012,1974,0
1460,1-,71,1950,26-01-2014,1950,0
1461,8-,62,1959,19-08-2013,1959,0
1462,4-,66,1955,13-04-2014,1955,0
1463,6-,43,1978,18-06-2014,1978,0
1464,7-,35,1986,08-07-2013,1986,0
1465,6-,58,1963,20-06-2013,1963,0
1466,2-,68,1953,13-02-2013,1953,0
1467,5-,69,1952,12-05-2013,1952,0
1468,2-,71,1950,08-02-2014,1950,0
1469,1-,51,1970,16-01-2013,1970,0
1470,2-,51,1970,21-12-2013,1970,0
1471,5-,44,1977,02-05-2013,1977,0
1472,4-,55,1966,27-04-2013,1966,0
1473,9-,52,1969,01-09-2012,1969,0
1474,1-,63,1958,16-11-2012,1958,0
1475,2-,67,1954,12-02-2013,1954,0
1476,1-,65,1956,23-11-2012,1956,0
1477,1-,51,1970,02-11-2013,1970,0
1478,0-,34,1987,28-10-2013,1987,0
1479,1-,60,1961,24-01-2014,1961,0
1480,4-,42,1979,01-04-2013,1979,0
1481,8-,61,1960,31-08-2012,1960,0
1482,0-,40,1981,16-10-2013,1981,0
1483,8-,41,1980,22-08-2013,1980,0
1484,8-,45,1976,02-08-2012,1976,0
1485,3-,45,1976,03-03-2013,1976,0
1486,6-,51,1970,22-06-2014,1970,0
1487,6-,75,1946,10-06-2014,1946,0
1488,1-,66,1955,11-01-2013,1955,0
1489,1-,49,1972,10-11-2013,1972,0
1490,6-,50,1971,24-06-2013,1971,0
1491,1-,71,1950,21-01-2013,1950,0
1492,7-,33,1988,27-07-2013,1988,0
1493,0-,43,1978,01-10-2013,1978,0
1494,2-,31,1990,11-12-2013,1990,0
1495,1-,62,1959,26-01-2014,1959,0
1496,2-,44,1977,01-12-2013,1977,0
1497,8-,52,1969,16-08-2012,1969,0
1498,1-,62,1959,13-11-2012,1959,0
1499,1-,33,1988,13-01-2013,1988,0
1500,2-,46,1975,11-02-2013,1975,0
1501,2-,48,1973,13-02-2014,1973,0
1502,8-,44,1977,17-08-2012,1977,0
1503,1-,48,1973,05-11-2012,1973,0
1504,8-,66,1955,20-08-2012,1955,0
1505,3-,47,1974,20-03-2014,1974,0
1506,7-,49,1972,09-07-2013,1972,0
1507,1-,46,1975,07-11-2012,1975,0
1508,0-,50,1971,25-10-2013,1971,0
1509,6-,63,1958,08-06-2013,1958,0
1510,2-,33,1988,02-02-2014,1988,0
1511,8-,46,1975,18-08-2012,1975,0
1512,1-,56,1965,25-11-2012,1965,0
1513,4-,35,1986,27-04-2014,1986,0
1514,4-,44,1977,30-04-2013,1977,0
1515,3-,41,1980,11-03-2014,1980,0
1516,1-,59,1962,28-11-2012,1962,0
1517,9-,43,1978,09-09-2013,1978,0
1518,9-,49,1972,20-09-2013,1972,0
1519,1-,51,1970,11-11-2012,1970,0
1520,6-,38,1983,03-06-2013,1983,0
1521,5-,50,1971,26-05-2013,1971,0
1522,2-,45,1976,07-02-2014,1976,0
1523,5-,48,1973,06-05-2014,1973,0
1524,4-,48,1973,13-04-2013,1973,0
1525,1-,45,1976,20-11-2012,1976,0
1526,4-,73,1948,05-04-2014,1948,0
1527,2-,63,1958,11-12-2012,1958,0
1528,2-,34,1987,24-02-2014,1987,0
1529,3-,61,1960,24-03-2013,1960,0
1530,2-,46,1975,11-12-2012,1975,0
1531,5-,63,1958,15-05-2013,1958,0
1532,6-,46,1975,14-06-2014,1975,0
1533,8-,46,1975,18-08-2012,1975,0
1534,9-,33,1988,04-09-2012,1988,0
1535,0-,33,1988,05-10-2012,1988,0
1536,2-,32,1989,20-12-2013,1989,0
1537,2-,62,1959,07-12-2013,1959,0
1538,0-,50,1971,16-10-2012,1971,0
1539,1-,54,1967,12-01-2013,1967,0
1540,3-,32,1989,28-03-2014,1989,0
1541,3-,60,1961,08-03-2013,1961,0
1542,1-,43,1978,29-11-2012,1978,0
1543,5-,68,1953,26-05-2013,1953,0
1544,8-,57,1964,31-08-2012,1964,0
1545,1-,35,1986,13-01-2013,1986,0
1546,9-,34,1987,02-09-2013,1987,0
1547,1-,58,1963,09-11-2012,1963,0
1548,1-,64,1957,20-01-2013,1957,0
1549,3-,46,1975,29-03-2013,1975,0
1550,0-,70,1951,12-10-2013,1951,0
1551,3-,56,1965,08-03-2014,1965,0
1552,9-,65,1956,02-09-2012,1956,0
1553,5-,59,1962,23-05-2014,1962,0
1554,8-,47,1974,12-08-2012,1974,0
1555,9-,54,1967,15-09-2013,1967,0
1556,0-,59,1962,28-10-2012,1962,0
1557,6-,45,1976,14-06-2013,1976,0
1558,1-,60,1961,23-01-2013,1961,0
1559,7-,45,1976,21-07-2013,1976,0
1560,2-,38,1983,14-02-2013,1983,0
1561,1-,45,1976,04-11-2013,1976,0
1562,1-,33,1988,01-11-2012,1988,0
1563,6-,67,1954,18-06-2014,1954,0
1564,6-,36,1985,16-06-2014,1985,0
1565,1-,69,1952,19-01-2013,1952,0
1566,2-,57,1964,02-12-2012,1964,0
1567,4-,67,1954,15-04-2014,1954,0
1568,9-,71,1950,27-09-2012,1950,0
1569,3-,64,1957,27-03-2013,1957,0
1570,1-,75,1946,24-11-2012,1946,0
1571,1-,67,1954,03-11-2012,1954,0
1572,2-,30,1991,13-02-2014,1991,0
1573,0-,35,1986,28-10-2013,1986,0
1574,8-,44,1977,17-08-2012,1977,0
1575,3-,61,1960,29-03-2013,1960,0
1576,3-,39,1982,23-03-2014,1982,0
1577,4-,74,1947,28-04-2014,1947,0
1578,6-,29,1992,21-06-2013,1992,0
1579,1-,45,1976,23-01-2013,1976,0
1580,1-,65,1956,23-01-2014,1956,0
1581,2-,74,1947,11-12-2013,1947,0
1582,2-,71,1950,02-12-2013,1950,0
1583,4-,55,1966,23-04-2014,1966,0
1584,2-,34,1987,25-02-2014,1987,0
1585,5-,48,1973,19-05-2014,1973,0
1586,8-,69,1952,19-08-2012,1952,0
1587,6-,56,1965,27-06-2014,1965,0
1588,4-,41,1980,10-04-2013,1980,0
1589,2-,34,1987,24-12-2013,1987,0
1590,2-,59,1962,06-12-2012,1962,0
1591,2-,66,1955,14-02-2013,1955,0
1592,8-,33,1988,31-08-2012,1988,0
1593,8-,56,1965,26-08-2013,1965,0
1594,4-,54,1967,05-04-2014,1967,0
1595,0-,48,1973,18-10-2012,1973,0
1596,2-,61,1960,15-02-2014,1960,0
1597,0-,37,1984,15-10-2013,1984,0
1598,9-,50,1971,28-09-2012,1971,0
1599,4-,46,1975,25-04-2014,1975,0
1600,6-,56,1965,27-06-2013,1965,0
1601,9-,65,1956,26-09-2012,1956,0
1602,6-,66,1955,01-06-2013,1955,0
1603,8-,61,1960,30-08-2013,1960,0
1604,3-,60,1961,02-03-2014,1961,0
1605,7-,58,1963,27-07-2013,1963,0
1606,1-,44,1977,16-01-2013,1977,0
1607,3-,31,1990,30-03-2013,1990,0
1608,3-,48,1973,09-03-2014,1973,0
1609,4-,57,1964,11-04-2014,1964,0
1610,8-,33,1988,10-08-2012,1988,0
1611,2-,43,1978,04-12-2012,1978,0
1612,8-,31,1990,17-08-2013,1990,0
1613,8-,46,1975,09-08-2013,1975,0
1614,2-,44,1977,29-12-2013,1977,0
1615,0-,37,1984,05-10-2013,1984,0
1616,0-,38,1983,27-10-2013,1983,0
1617,5-,34,1987,18-05-2014,1987,0
1618,1-,56,1965,27-01-2014,1965,0
1619,1-,65,1956,08-11-2012,1956,0
1620,8-,56,1965,20-08-2013,1965,0
1621,1-,50,1971,12-01-2013,1971,0
1622,9-,39,1982,25-09-2012,1982,0
1623,1-,62,1959,16-01-2013,1959,0
1624,1-,58,1963,23-01-2013,1963,0
1625,3-,69,1952,03-03-2014,1952,0
1626,9-,50,1971,08-09-2012,1971,0
1627,3-,58,1963,17-03-2013,1963,0
1628,2-,39,1982,22-02-2014,1982,0
1629,0-,45,1976,25-10-2013,1976,0
1630,8-,74,1947,31-08-2013,1947,0
1631,0-,52,1969,21-10-2013,1969,0
1632,3-,62,1959,24-03-2014,1959,0
1633,6-,43,1978,19-06-2013,1978,0
1634,0-,73,1948,08-10-2013,1948,0
1635,4-,66,1955,12-04-2013,1955,0
1636,6-,67,1954,17-06-2013,1954,0
1637,0-,76,1945,02-10-2013,1945,0
1638,6-,52,1969,19-06-2014,1969,0
1639,6-,45,1976,27-06-2013,1976,0
1640,3-,52,1969,23-03-2014,1969,0
1641,9-,57,1964,23-09-2013,1964,0
1642,0-,40,1981,27-10-2012,1981,0
1643,2-,42,1979,10-12-2013,1979,0
1644,5-,40,1981,02-05-2014,1981,0
1645,5-,61,1960,10-05-2013,1960,0
1646,2-,47,1974,12-12-2013,1974,0
1647,6-,40,1981,16-06-2014,1981,0
1648,5-,54,1967,18-05-2013,1967,0
1649,5-,71,1950,07-05-2014,1950,0
1650,2-,39,1982,26-02-2014,1982,0
1651,8-,60,1961,20-08-2012,1961,0
1652,9-,58,1963,07-09-2012,1963,0
1653,4-,44,1977,29-04-2013,1977,0
1654,7-,74,1947,22-07-2013,1947,0
1655,3-,43,1978,08-03-2014,1978,0
1656,5-,67,1954,28-05-2013,1954,0
1657,2-,67,1954,02-02-2014,1954,0
1658,7-,49,1972,24-07-2013,1972,0
1659,6-,40,1981,23-06-2014,1981,0
1660,5-,63,1958,02-05-2013,1958,0
1661,5-,53,1968,15-05-2013,1968,0
1662,5-,45,1976,29-05-2014,1976,0
1663,1-,55,1966,10-01-2014,1966,0
1664,9-,32,1989,11-09-2013,1989,0
1665,6-,36,1985,19-06-2013,1985,0
1666,8-,54,1967,20-08-2013,1967,0
1667,2-,62,1959,29-12-2013,1959,0
1668,1-,51,1970,19-11-2013,1970,0
1669,2-,54,1967,22-02-2013,1967,0
1670,7-,36,1985,30-07-2013,1985,0
1671,9-,70,1951,05-09-2013,1951,0
1672,1-,35,1986,11-01-2013,1986,0
1673,6-,66,1955,03-06-2013,1955,0
1674,1-,51,1970,22-11-2012,1970,0
1675,1-,30,1991,28-11-2012,1991,0
1676,3-,46,1975,25-03-2013,1975,0
1677,6-,42,1979,27-06-2013,1979,0
1678,2-,45,1976,12-02-2013,1976,0
1679,1-,41,1980,23-01-2014,1980,0
1680,0-,43,1978,08-10-2013,1978,0
1681,1-,50,1971,17-01-2014,1971,0
1682,1-,66,1955,03-11-2012,1955,0
1683,6-,38,1983,04-06-2014,1983,0
1684,0-,69,1952,25-10-2013,1952,0
1685,3-,52,1969,25-03-2014,1969,0
1686,8-,41,1980,08-08-2012,1980,0
1687,7-,53,1968,23-07-2013,1968,0
1688,1-,50,1971,04-01-2013,1971,0
1689,7-,32,1989,19-07-2013,1989,0
1690,7-,70,1951,19-07-2013,1951,0
1691,7-,34,1987,06-07-2013,1987,0
1692,2-,36,1985,19-02-2013,1985,0
1693,8-,40,1981,27-08-2012,1981,0
1694,2-,31,1990,31-12-2012,1990,0
1695,5-,69,1952,23-05-2013,1952,0
1696,9-,50,1971,19-09-2012,1971,0
1697,2-,38,1983,27-02-2013,1983,0
1698,9-,64,1957,22-09-2012,1957,0
1699,3-,70,1951,05-03-2014,1951,0
1700,8-,45,1976,31-08-2012,1976,0
1701,3-,66,1955,30-03-2014,1955,0
1702,1-,32,1989,20-11-2013,1989,0
1703,3-,48,1973,21-03-2014,1973,0
1704,0-,48,1973,02-10-2012,1973,0
1705,9-,37,1984,23-09-2013,1984,0
1706,9-,65,1956,20-09-2012,1956,0
1707,8-,56,1965,16-08-2012,1965,0
1708,1-,43,1978,02-01-2014,1978,0
1709,3-,48,1973,01-03-2014,1973,0
1710,6-,35,1986,17-06-2014,1986,0
1711,8-,62,1959,28-08-2013,1959,0
1712,4-,43,1978,09-04-2013,1978,0
1713,1-,55,1966,10-11-2012,1966,0
1714,5-,29,1992,29-05-2014,1992,0
1715,1-,37,1984,13-11-2012,1984,0
1716,5-,65,1956,20-05-2013,1956,0
1717,5-,44,1977,08-05-2014,1977,0
1718,9-,47,1974,05-09-2013,1974,0
1719,1-,45,1976,25-11-2012,1976,0
1720,1-,42,1979,13-01-2013,1979,0
1721,5-,38,1983,01-05-2013,1983,0
1722,2-,30,1991,14-12-2013,1991,0
1723,4-,59,1962,02-04-2014,1962,0
1724,1-,39,1982,28-01-2014,1982,0
1725,4-,42,1979,18-04-2014,1979,0
1726,0-,66,1955,29-10-2012,1955,0
1727,1-,56,1965,07-01-2013,1965,0
1728,3-,60,1961,08-03-2013,1961,0
1729,2-,70,1951,17-02-2013,1951,0
1730,3-,57,1964,23-03-2014,1964,0
1731,2-,62,1959,28-12-2012,1959,0
1732,4-,66,1955,27-04-2013,1955,0
1733,3-,55,1966,12-03-2014,1966,0
1734,5-,63,1958,06-05-2013,1958,0
1735,2-,67,1954,18-02-2013,1954,0
1736,4-,54,1967,24-04-2014,1967,0
1737,1-,58,1963,26-11-2013,1963,0
1738,5-,62,1959,24-05-2014,1959,0
1739,2-,50,1971,11-12-2013,1971,0
1740,4-,57,1964,24-04-2014,1964,0
1741,4-,38,1983,18-04-2013,1983,0
1742,5-,76,1945,28-05-2014,1945,0
1743,1-,74,1947,16-01-2013,1947,0
1744,1-,52,1969,20-01-2013,1969,0
1745,0-,69,1952,26-10-2012,1952,0
1746,1-,74,1947,20-11-2012,1947,0
1747,9-,75,1946,28-09-2013,1946,0
1748,5-,52,1969,29-05-2013,1969,0
1749,3-,72,1949,03-03-2013,1949,0
1750,0-,60,1961,16-10-2012,1961,0
1751,9-,47,1974,12-09-2012,1974,0
1752,2-,41,1980,27-02-2014,1980,0
1753,2-,72,1949,12-02-2013,1949,0
1754,2-,50,1971,25-12-2012,1971,0
1755,3-,42,1979,17-03-2013,1979,0
1756,1-,53,1968,06-11-2013,1968,0
1757,8-,50,1971,04-08-2013,1971,0
1758,5-,66,1955,10-05-2014,1955,0
1759,5-,49,1972,26-05-2013,1972,0
1760,9-,57,1964,10-09-2013,1964,0
1761,3-,42,1979,10-03-2013,1979,0
1762,0-,46,1975,23-10-2013,1975,0
1763,8-,44,1977,20-08-2013,1977,0
1764,9-,35,1986,07-09-2013,1986,0
1765,3-,65,1956,26-03-2013,1956,0
1766,6-,41,1980,16-06-2014,1980,0
1767,5-,39,1982,08-05-2013,1982,0
1768,6-,60,1961,15-06-2014,1961,0
1769,0-,46,1975,20-10-2013,1975,0
1770,9-,47,1974,18-09-2012,1974,0
1771,4-,75,1946,18-04-2013,1946,0
1772,0-,36,1985,05-10-2012,1985,0
1773,6-,69,1952,08-06-2013,1952,0
1774,3-,54,1967,18-03-2014,1967,0
1775,0-,66,1955,29-10-2012,1955,0
1776,8-,36,1985,29-08-2012,1985,0
1777,0-,44,1977,13-10-2012,1977,0
1778,8-,48,1973,06-08-2013,1973,0
1779,8-,37,1984,01-08-2013,1984,0
1780,2-,42,1979,17-12-2012,1979,0
1781,2-,45,1976,17-02-2014,1976,0
1782,0-,53,1968,14-10-2012,1968,0
1783,1-,62,1959,28-11-2013,1959,0
1784,1-,50,1971,01-01-2013,1971,0
1785,1-,54,1967,03-11-2012,1967,0
1786,9-,48,1973,21-09-2012,1973,0
1787,2-,38,1983,09-12-2013,1983,0
1788,8-,42,1979,28-08-2012,1979,0
1789,1-,42,1979,02-11-2013,1979,0
1790,8-,71,1950,05-08-2013,1950,0
1791,4-,58,1963,12-04-2014,1963,0
1792,8-,59,1962,15-08-2013,1962,0
1793,2-,45,1976,07-02-2014,1976,0
1794,7-,69,1952,13-07-2013,1952,0
1795,6-,61,1960,14-06-2013,1960,0
1796,0-,66,1955,03-10-2013,1955,0
1797,4-,44,1977,16-04-2014,1977,0
1798,6-,57,1964,06-06-2014,1964,0
1799,5-,40,1981,02-05-2014,1981,0
1800,6-,45,1976,27-06-2014,1976,0
1801,0-,47,1974,14-10-2012,1974,0
1802,4-,70,1951,28-04-2013,1951,0
1803,3-,55,1966,20-03-2013,1966,0
1804,1-,70,1951,10-01-2014,1951,0
1805,6-,63,1958,08-06-2013,1958,0
1806,2-,55,1966,07-12-2013,1966,0
1807,6-,57,1964,04-06-2013,1964,0
1808,4-,65,1956,28-04-2014,1956,0
1809,1-,47,1974,05-11-2012,1974,0
1810,0-,55,1966,04-10-2012,1966,0
1811,1-,58,1963,16-11-2012,1963,0
1812,6-,52,1969,28-06-2014,1969,0
1813,1-,29,1992,20-01-2013,1992,0
1814,2-,67,1954,14-02-2013,1954,0
1815,7-,38,1983,21-07-2013,1983,0
1816,9-,39,1982,28-09-2013,1982,0
1817,7-,70,1951,19-07-2013,1951,0
1818,8-,65,1956,31-08-2013,1956,0
1819,6-,60,1961,15-06-2014,1961,0
1820,4-,59,1962,07-04-2014,1962,0
1821,0-,50,1971,11-10-2013,1971,0
1822,0-,50,1971,04-10-2013,1971,0
1823,8-,53,1968,09-08-2013,1968,0
1824,9-,43,1978,04-09-2012,1978,0
1825,9-,52,1969,15-09-2013,1969,0
1826,8-,56,1965,25-08-2013,1965,0
1827,2-,35,1986,15-02-2013,1986,0
1828,5-,63,1958,23-05-2013,1958,0
1829,5-,46,1975,22-05-2013,1975,0
1830,0-,34,1987,08-10-2013,1987,0
1831,3-,62,1959,15-03-2013,1959,0
1832,2-,59,1962,17-02-2013,1962,0
1833,3-,47,1974,20-03-2014,1974,0
1834,9-,44,1977,11-09-2013,1977,0
1835,2-,43,1978,10-12-2012,1978,0
1836,9-,51,1970,09-09-2013,1970,0
1837,3-,64,1957,22-03-2013,1957,0
1838,8-,66,1955,03-08-2012,1955,0
1839,9-,67,1954,22-09-2012,1954,0
1840,2-,39,1982,11-02-2013,1982,0
1841,6-,68,1953,03-06-2013,1953,0
1842,4-,53,1968,23-04-2014,1968,0
1843,8-,64,1957,31-08-2013,1957,0
1844,2-,56,1965,07-12-2013,1965,0
1845,9-,46,1975,12-09-2012,1975,0
1846,6-,58,1963,23-06-2014,1963,0
1847,7-,31,1990,08-07-2013,1990,0
1848,1-,55,1966,11-01-2014,1966,0
1849,2-,33,1988,02-02-2014,1988,0
1850,9-,26,1995,18-09-2012,1995,0
1851,5-,46,1975,19-05-2013,1975,0
1852,0-,43,1978,29-10-2012,1978,0
1853,1-,60,1961,11-01-2013,1961,0
1854,9-,37,1984,10-09-2013,1984,0
1855,8-,50,1971,12-08-2013,1971,0
1856,1-,70,1951,17-11-2012,1951,0
1857,7-,45,1976,04-07-2013,1976,0
1858,1-,49,1972,26-01-2013,1972,0
1859,9-,36,1985,18-09-2012,1985,0
1860,1-,55,1966,07-11-2012,1966,0
1861,2-,46,1975,15-12-2013,1975,0
1862,8-,42,1979,07-08-2013,1979,0
1863,0-,50,1971,14-10-2013,1971,0
1864,1-,39,1982,09-11-2012,1982,0
1865,0-,48,1973,07-10-2012,1973,0
1866,9-,53,1968,06-09-2013,1968,0
1867,5-,37,1984,11-05-2014,1984,0
1868,0-,50,1971,01-10-2012,1971,0
1869,3-,44,1977,10-03-2014,1977,0
1870,3-,54,1967,01-03-2014,1967,0
1871,6-,57,1964,12-06-2013,1964,0
1872,4-,49,1972,16-04-2014,1972,0
1873,1-,73,1948,02-01-2013,1948,0
1874,4-,69,1952,19-04-2014,1952,0
1875,2-,34,1987,07-02-2014,1987,0
1876,8-,62,1959,16-08-2012,1959,0
1877,1-,63,1958,21-01-2014,1958,0
1878,2-,70,1951,19-02-2013,1951,0
1879,7-,46,1975,15-07-2013,1975,0
1880,0-,37,1984,15-10-2012,1984,0
1881,4-,52,1969,30-04-2014,1969,0
1882,4-,53,1968,18-04-2014,1968,0
1883,5-,52,1969,19-05-2013,1969,0
1884,5-,36,1985,19-05-2014,1985,0
1885,1-,37,1984,03-11-2012,1984,0
1886,1-,64,1957,19-01-2014,1957,0
1887,1-,50,1971,07-11-2013,1971,0
1888,9-,46,1975,09-09-2013,1975,0
1889,2-,39,1982,26-02-2013,1982,0
1890,8-,33,1988,31-08-2012,1988,0
1891,5-,32,1989,02-05-2014,1989,0
1892,1-,36,1985,27-01-2013,1985,0
1893,6-,53,1968,03-06-2014,1968,0
1894,5-,47,1974,26-05-2014,1974,0
1895,0-,72,1949,20-10-2013,1949,0
1896,9-,43,1978,09-09-2012,1978,0
1897,3-,67,1954,31-03-2014,1954,0
1898,5-,76,1945,28-05-2014,1945,0
1899,6-,71,1950,13-06-2013,1950,0
1900,2-,57,1964,23-02-2013,1964,0
1901,4-,38,1983,13-04-2014,1983,0
1902,3-,34,1987,18-03-2014,1987,0
1903,0-,50,1971,24-10-2013,1971,0
1904,1-,53,1968,25-01-2014,1968,0
1905,5-,67,1954,11-05-2013,1954,0
1906,9-,50,1971,06-09-2013,1971,0
1907,2-,35,1986,05-02-2014,1986,0
1908,3-,62,1959,19-03-2013,1959,0
1909,9-,41,1980,26-09-2013,1980,0
1910,4-,61,1960,20-04-2014,1960,0
1911,1-,51,1970,10-11-2012,1970,0
1912,0-,50,1971,14-10-2012,1971,0
1913,8-,54,1967,22-08-2012,1967,0
1914,1-,58,1963,25-01-2013,1963,0
1915,8-,53,1968,24-08-2012,1968,0
1916,2-,31,1990,16-02-2013,1990,0
1917,5-,40,1981,31-05-2013,1981,0
1918,2-,45,1976,20-02-2013,1976,0
1919,2-,56,1965,26-12-2012,1965,0
1920,6-,44,1977,22-06-2014,1977,0
1921,1-,49,1972,19-01-2014,1972,0
1922,0-,65,1956,20-10-2012,1956,0
1923,0-,78,1943,01-10-2013,1943,0
1924,1-,62,1959,08-01-2013,1959,0
1925,9-,44,1977,05-09-2013,1977,0
1926,1-,52,1969,23-11-2012,1969,0
1927,6-,51,1970,23-06-2013,1970,0
1928,1-,64,1957,13-11-2012,1957,0
1929,6-,56,1965,17-06-2013,1965,0
1930,1-,47,1974,20-11-2013,1974,0
1931,9-,74,1947,28-09-2013,1947,0
1932,1-,39,1982,07-01-2014,1982,0
1933,4-,53,1968,01-04-2014,1968,0
1934,4-,70,1951,08-04-2013,1951,0
1935,9-,46,1975,06-09-2012,1975,0
1936,3-,65,1956,10-03-2013,1956,0
1937,1-,72,1949,19-11-2012,1949,0
1938,3-,62,1959,23-03-2014,1959,0
1939,8-,48,1973,31-08-2013,1973,0
1940,2-,37,1984,06-02-2014,1984,0
1941,1-,71,1950,14-01-2013,1950,0
1942,8-,44,1977,07-08-2012,1977,0
1943,4-,37,1984,25-04-2014,1984,0
1944,9-,45,1976,14-09-2012,1976,0
1945,2-,70,1951,06-02-2013,1951,0
1946,1-,39,1982,02-11-2012,1982,0
1947,6-,47,1974,20-06-2014,1974,0
1948,3-,53,1968,31-03-2013,1968,0
1949,2-,67,1954,12-02-2013,1954,0
1950,7-,81,1940,08-07-2013,1940,0
1951,9-,45,1976,18-09-2013,1976,0
1952,5-,70,1951,12-05-2014,1951,0
1953,8-,45,1976,13-08-2012,1976,0
1954,1-,57,1964,23-11-2013,1964,0
1955,5-,71,1950,03-05-2014,1950,0
1956,1-,45,1976,17-01-2014,1976,0
1957,0-,65,1956,22-10-2012,1956,0
1958,4-,31,1990,23-04-2013,1990,0
1959,5-,71,1950,07-05-2014,1950,0
1960,7-,56,1965,03-07-2013,1965,0
1961,7-,59,1962,09-07-2013,1962,0
1962,6-,43,1978,17-06-2014,1978,0
1963,5-,69,1952,06-05-2013,1952,0
1964,1-,55,1966,05-01-2014,1966,0
1965,8-,74,1947,24-08-2013,1947,0
1966,0-,49,1972,22-10-2013,1972,0
1967,2-,58,1963,28-02-2014,1963,0
1968,2-,72,1949,27-02-2013,1949,0
1969,1-,43,1978,23-01-2014,1978,0
1970,2-,55,1966,14-02-2013,1966,0
1971,3-,38,1983,25-03-2014,1983,0
1972,1-,50,1971,01-01-2013,1971,0
1973,4-,46,1975,07-04-2013,1975,0
1974,1-,50,1971,07-11-2013,1971,0
1975,0-,52,1969,05-10-2013,1969,0
1976,8-,58,1963,02-08-2012,1963,0
1977,9-,53,1968,20-09-2013,1968,0
1978,4-,42,1979,10-04-2014,1979,0
1979,2-,37,1984,05-12-2012,1984,0
1980,2-,37,1984,27-02-2013,1984,0
1981,9-,47,1974,18-09-2012,1974,0
1982,2-,70,1951,12-02-2014,1951,0
1983,6-,59,1962,10-06-2013,1962,0
1984,2-,46,1975,12-02-2013,1975,0
1985,2-,64,1957,24-12-2012,1957,0
1986,2-,43,1978,06-02-2013,1978,0
1987,6-,30,1991,22-06-2013,1991,0
1988,0-,35,1986,21-10-2013,1986,0
1989,4-,65,1956,13-04-2014,1956,0
1990,2-,58,1963,16-12-2013,1963,0
1991,3-,50,1971,28-03-2013,1971,0
1992,0-,74,1947,17-10-2013,1947,0
1993,4-,63,1958,03-04-2014,1958,0
1994,4-,61,1960,17-04-2013,1960,0
1995,5-,41,1980,23-05-2014,1980,0
1996,8-,46,1975,29-08-2012,1975,0
1997,2-,46,1975,25-12-2012,1975,0
1998,1-,48,1973,16-01-2013,1973,0
1999,1-,41,1980,02-01-2014,1980,0
2000,3-,51,1970,08-03-2013,1970,0
2001,2-,54,1967,24-12-2013,1967,0
2002,9-,51,1970,06-09-2012,1970,0
2003,6-,55,1966,12-06-2014,1966,0
2004,9-,49,1972,18-09-2013,1972,0
2005,1-,44,1977,07-11-2013,1977,0
2006,1-,51,1970,26-11-2012,1970,0
2007,2-,57,1964,13-02-2013,1964,0
2008,9-,62,1959,17-09-2013,1959,0
2009,3-,55,1966,02-03-2014,1966,0
2010,5-,63,1958,20-05-2013,1958,0
2011,2-,35,1986,14-02-2013,1986,0
2012,8-,44,1977,06-08-2013,1977,0
2013,1-,40,1981,27-01-2013,1981,0
2014,8-,63,1958,07-08-2012,1958,0
2015,3-,46,1975,29-03-2013,1975,0
2016,3-,38,1983,01-03-2013,1983,0
2017,4-,54,1967,15-04-2013,1967,0
2018,3-,70,1951,30-03-2014,1951,0
2019,9-,49,1972,25-09-2012,1972,0
2020,2-,43,1978,12-02-2014,1978,0
2021,4-,39,1982,05-04-2013,1982,0
2022,1-,65,1956,21-01-2014,1956,0
2023,2-,69,1952,05-02-2014,1952,0
2024,2-,56,1965,16-02-2013,1965,0
2025,2-,42,1979,23-02-2014,1979,0
2026,3-,56,1965,12-03-2013,1965,0
2027,0-,68,1953,17-10-2013,1953,0
2028,9-,72,1949,07-09-2012,1949,0
2029,8-,36,1985,01-08-2012,1985,0
2030,3-,74,1947,10-03-2013,1947,0
2031,1-,66,1955,26-11-2013,1955,0
2032,1-,45,1976,12-11-2013,1976,0
2033,4-,46,1975,29-04-2013,1975,0
2034,9-,37,1984,28-09-2013,1984,0
2035,2-,71,1950,05-12-2013,1950,0
2036,0-,44,1977,04-10-2012,1977,0
2037,6-,70,1951,01-06-2013,1951,0
2038,3-,37,1984,28-03-2013,1984,0
2039,2-,39,1982,08-02-2013,1982,0
2040,5-,30,1991,02-05-2013,1991,0
2041,9-,51,1970,25-09-2012,1970,0
2042,1-,40,1981,29-11-2013,1981,0
2043,2-,42,1979,01-12-2013,1979,0
2044,9-,50,1971,11-09-2012,1971,0
2045,1-,51,1970,30-11-2013,1970,0
2046,6-,62,1959,09-06-2014,1959,0
2047,9-,48,1973,11-09-2013,1973,0
2048,8-,51,1970,17-08-2012,1970,0
2049,2-,74,1947,27-12-2013,1947,0
2050,3-,70,1951,09-03-2013,1951,0
2051,9-,46,1975,22-09-2013,1975,0
2052,6-,62,1959,22-06-2014,1959,0
2053,6-,66,1955,02-06-2014,1955,0
2054,6-,68,1953,26-06-2014,1953,0
2055,3-,56,1965,19-03-2013,1965,0
2056,0-,48,1973,06-10-2012,1973,0
2057,7-,45,1976,21-07-2013,1976,0
2058,1-,71,1950,05-01-2013,1950,0
2059,5-,52,1969,18-05-2013,1969,0
2060,2-,52,1969,27-12-2013,1969,0
2061,5-,40,1981,31-05-2013,1981,0
2062,0-,39,1982,25-10-2013,1982,0
2063,1-,43,1978,12-01-2013,1978,0
2064,8-,47,1974,12-08-2012,1974,0
2065,1-,70,1951,06-01-2013,1951,0
2066,9-,73,1948,06-09-2013,1948,0
2067,0-,69,1952,29-10-2012,1952,0
2068,4-,37,1984,05-04-2014,1984,0
2069,0-,42,1979,19-10-2013,1979,0
2070,8-,72,1949,05-08-2013,1949,0
2071,2-,65,1956,25-12-2013,1956,0
2072,9-,52,1969,15-09-2013,1969,0
2073,1-,34,1987,10-01-2013,1987,0
2074,7-,38,1983,07-07-2013,1983,0
2075,2-,51,1970,07-02-2014,1970,0
2076,7-,44,1977,05-07-2013,1977,0
2077,3-,61,1960,27-03-2014,1960,0
2078,3-,50,1971,03-03-2013,1971,0
2079,6-,67,1954,23-06-2013,1954,0
2080,8-,48,1973,26-08-2012,1973,0
2081,0-,66,1955,18-10-2013,1955,0
2082,1-,61,1960,07-11-2012,1960,0
2083,1-,33,1988,13-01-2013,1988,0
2084,0-,78,1943,30-10-2013,1943,0
2085,2-,52,1969,16-02-2013,1969,0
2086,2-,29,1992,15-12-2012,1992,0
2087,3-,62,1959,31-03-2014,1959,0
2088,0-,41,1980,04-10-2013,1980,0
2089,1-,50,1971,06-11-2013,1971,0
2090,8-,47,1974,31-08-2013,1974,0
2091,0-,52,1969,21-10-2013,1969,0
2092,5-,45,1976,02-05-2014,1976,0
2093,2-,28,1993,19-12-2012,1993,0
2094,9-,72,1949,07-09-2012,1949,0
2095,5-,71,1950,21-05-2013,1950,0
2096,9-,46,1975,30-09-2013,1975,0
2097,5-,65,1956,28-05-2013,1956,0
2098,9-,45,1976,29-09-2012,1976,0
2099,1-,46,1975,29-11-2012,1975,0
2100,3-,45,1976,20-03-2014,1976,0
2101,5-,72,1949,22-05-2014,1949,0
2102,9-,37,1984,17-09-2012,1984,0
2103,2-,47,1974,19-02-2014,1974,0
2104,2-,49,1972,28-02-2013,1972,0
2105,0-,35,1986,29-10-2012,1986,0
2106,6-,59,1962,10-06-2013,1962,0
2107,2-,51,1970,15-12-2012,1970,0
2108,6-,72,1949,08-06-2013,1949,0
2109,9-,60,1961,17-09-2012,1961,0
2110,6-,66,1955,02-06-2013,1955,0
2111,2-,40,1981,21-12-2012,1981,0
2112,5-,68,1953,16-05-2014,1953,0
2113,1-,47,1974,01-11-2013,1974,0
2114,7-,67,1954,24-07-2013,1954,0
2115,2-,52,1969,04-12-2013,1969,0
2116,8-,40,1981,26-08-2013,1981,0
2117,1-,69,1952,21-01-2014,1952,0
2118,4-,59,1962,10-04-2013,1962,0
2119,0-,50,1971,18-10-2012,1971,0
2120,9-,45,1976,12-09-2012,1976,0
2121,8-,45,1976,10-08-2013,1976,0
2122,8-,41,1980,30-08-2012,1980,0
2123,8-,65,1956,03-08-2012,1956,0
2124,6-,64,1957,20-06-2014,1957,0
2125,0-,49,1972,04-10-2013,1972,0
2126,8-,55,1966,02-08-2013,1966,0
2127,3-,35,1986,30-03-2013,1986,0
2128,9-,56,1965,03-09-2012,1965,0
2129,1-,47,1974,03-11-2013,1974,0
2130,4-,45,1976,22-04-2013,1976,0
2131,3-,45,1976,11-03-2013,1976,0
2132,8-,72,1949,29-08-2013,1949,0
2133,8-,41,1980,14-08-2012,1980,0
2134,1-,64,1957,10-01-2014,1957,0
2135,4-,56,1965,06-04-2014,1965,0
2136,0-,52,1969,02-10-2013,1969,0
2137,5-,51,1970,11-05-2014,1970,0
2138,3-,67,1954,01-03-2014,1954,0
2139,8-,55,1966,06-08-2012,1966,0
2140,1-,47,1974,30-01-2014,1974,0
2141,1-,50,1971,23-01-2014,1971,0
2142,2-,53,1968,01-02-2013,1968,0
2143,2-,64,1957,28-02-2014,1957,0
2144,1-,48,1973,17-01-2014,1973,0
2145,1-,64,1957,23-11-2013,1957,0
2146,3-,50,1971,25-03-2014,1971,0
2147,3-,61,1960,24-03-2014,1960,0
2148,7-,48,1973,06-07-2013,1973,0
2149,0-,59,1962,12-10-2013,1962,0
2150,2-,63,1958,15-12-2013,1958,0
2151,9-,49,1972,17-09-2012,1972,0
2152,1-,45,1976,28-01-2014,1976,0
2153,0-,52,1969,02-10-2013,1969,0
2154,6-,45,1976,27-06-2013,1976,0
2155,5-,38,1983,12-05-2014,1983,0
2156,4-,57,1964,29-04-2014,1964,0
2157,1-,46,1975,22-01-2014,1975,0
2158,3-,66,1955,12-03-2014,1955,0
2159,1-,56,1965,25-01-2014,1965,0
2160,0-,57,1964,11-10-2012,1964,0
2161,3-,41,1980,04-03-2014,1980,0
2162,8-,64,1957,01-08-2013,1957,0
2163,6-,72,1949,03-06-2013,1949,0
2164,0-,29,1992,28-10-2013,1992,0
2165,6-,47,1974,24-06-2013,1974,0
2166,2-,67,1954,14-02-2013,1954,0
2167,3-,31,1990,27-03-2013,1990,0
2168,2-,37,1984,23-12-2013,1984,0
2169,1-,40,1981,23-11-2013,1981,0
2170,3-,56,1965,05-03-2014,1965,0
2171,6-,51,1970,28-06-2013,1970,0
2172,1-,46,1975,17-01-2014,1975,0
2173,7-,70,1951,29-07-2013,1951,0
2174,3-,66,1955,10-03-2014,1955,0
2175,1-,46,1975,11-01-2013,1975,0
2176,2-,54,1967,22-12-2012,1967,0
2177,0-,48,1973,18-10-2012,1973,0
2178,1-,50,1971,07-01-2013,1971,0
2179,0-,66,1955,24-10-2013,1955,0
2180,1-,47,1974,04-11-2013,1974,0
2181,3-,49,1972,07-03-2013,1972,0
2182,4-,57,1964,23-04-2014,1964,0
2183,5-,43,1978,20-05-2013,1978,0
2184,3-,64,1957,18-03-2014,1957,0
2185,1-,61,1960,10-01-2013,1960,0
2186,2-,49,1972,06-02-2014,1972,0
2187,5-,65,1956,11-05-2014,1956,0
2188,1-,64,1957,10-01-2014,1957,0
2189,3-,49,1972,16-03-2014,1972,0
2190,2-,38,1983,25-02-2013,1983,0
2191,2-,50,1971,21-02-2013,1971,0
2192,8-,74,1947,02-08-2012,1947,0
2193,1-,64,1957,06-11-2012,1957,0
2194,8-,64,1957,01-08-2012,1957,0
2195,3-,69,1952,22-03-2013,1952,0
2196,4-,47,1974,21-04-2014,1974,0
2197,8-,48,1973,21-08-2013,1973,0
2198,6-,67,1954,18-06-2013,1954,0
2199,6-,46,1975,26-06-2014,1975,0
2200,8-,31,1990,05-08-2013,1990,0
2201,1-,52,1969,23-11-2012,1969,0
2202,0-,48,1973,18-10-2012,1973,0
2203,1-,43,1978,02-01-2013,1978,0
2204,2-,31,1990,16-02-2013,1990,0
2205,0-,53,1968,15-10-2012,1968,0
2206,8-,41,1980,11-08-2012,1980,0
2207,3-,67,1954,23-03-2014,1954,0
2208,2-,58,1963,07-12-2012,1963,0
2209,7-,58,1963,15-07-2013,1963,0
2210,2-,66,1955,13-02-2013,1955,0
2211,2-,40,1981,05-02-2014,1981,0
2212,5-,71,1950,01-05-2014,1950,0
2213,0-,26,1995,12-10-2012,1995,0
2214,7-,45,1976,30-07-2013,1976,0
2215,2-,67,1954,20-12-2012,1954,0
2216,3-,38,1983,21-03-2013,1983,0
2217,4-,73,1948,05-04-2014,1948,0
2218,6-,43,1978,19-06-2013,1978,0
2219,0-,36,1985,14-10-2012,1985,0
2220,1-,42,1979,26-11-2013,1979,0
2221,7-,39,1982,04-07-2013,1982,0
2222,5-,42,1979,07-05-2013,1979,0
2223,6-,58,1963,25-06-2014,1963,0
2224,1-,51,1970,09-01-2014,1970,0
2225,9-,53,1968,26-09-2012,1968,0
2226,3-,42,1979,24-03-2013,1979,0
2227,3-,59,1962,03-03-2013,1962,0
2228,8-,43,1978,12-08-2012,1978,0
2229,5-,49,1972,18-05-2014,1972,0
2230,3-,37,1984,16-03-2013,1984,0
2231,8-,51,1970,21-08-2012,1970,0
2232,8-,35,1986,17-08-2012,1986,0
2233,6-,44,1977,02-06-2013,1977,0
2234,7-,47,1974,01-07-2013,1974,0
2235,6-,54,1967,13-06-2013,1967,0
2236,6-,75,1946,10-06-2014,1946,0
2237,1-,40,1981,25-01-2014,1981,0
2238,1-,65,1956,24-01-2014,1956,0
2239,0-,67,1954,15-10-2012,1954,0
